building_id,site,country,usage,sqm,has_chilledwater,coverage,median_kw,p99_over_median,corr_temp,pass_chw,pass_cov,pass_load,pass_corr,passes_rule,heating_dominated
Panther_education_Rosalie,Panther,USA,Education,690.5,False,0.7421541742839732,65.4126,1.4250771258136812,0.3462883497394242,True,False,True,True,False,False
Panther_education_Misty,Panther,USA,Education,252.7,False,0.7525137111517367,37.2072,1.2692892773441684,0.6762947945104859,True,False,False,True,False,False
Panther_education_Mattie,Panther,USA,Education,499.4,False,0.742078001218769,5.041,3.3571315215235074,0.7071776721716808,True,False,False,True,False,False
Panther_education_Diann,Panther,USA,Education,2200.4,False,0.7417733089579525,100.9195,1.7472738172503828,0.21101061959333306,True,False,True,True,False,False
Panther_education_Gina,Panther,USA,Education,10833.1,False,0.7438299817184644,442.8855,1.2287080972395803,0.585879395258277,True,False,True,True,False,False
Panther_education_Tina,Panther,USA,Education,743.2,False,0.7435252894576477,6.3012,2.9746080111724695,0.7325084354440935,True,False,False,True,False,False
Panther_lodging_Russell,Panther,USA,Lodging/residential,2594.4,False,0.7420018281535649,33.6065,2.098570217071104,-0.5543058984640726,True,False,False,False,False,False
Panther_education_Vincent,Panther,USA,Education,11248.1,True,0.7417733089579525,153.2296,1.5565465158167866,0.3144355407362105,False,False,True,True,False,False
Panther_education_Shelton,Panther,USA,Education,5649.3,False,0.7418494820231566,121.3234,1.5441052591668216,-0.5266938897573838,True,False,True,False,False,False
Panther_office_Karla,Panther,USA,Office,2508.4,True,0.7419256550883607,39.7277,1.9867346964460584,-0.12954573608766237,False,False,False,False,False,False
Panther_assembly_Denice,Panther,USA,Entertainment/public assembly,34445.9,False,0.7419256550883607,453.0874,1.59423418528081,0.2892027378667883,True,False,True,True,False,False
Panther_education_Sophia,Panther,USA,Education,4559.0,False,0.7476386349786716,140.02700000000002,1.1342855306476607,0.3585960510759896,True,False,True,True,False,False
Panther_lodging_Willa,Panther,USA,Lodging/residential,3446.7,False,0.7493144424131627,71.4138,1.5056011583195406,-0.5320697670703713,True,False,True,False,False,False
Panther_education_Annetta,Panther,USA,Education,9232.7,True,0.7420018281535649,104.7202,1.6189111556318647,0.11831066625164367,False,False,True,True,False,False
Panther_education_Aurora,Panther,USA,Education,8012.9,True,0.742078001218769,132.4256,1.4380656006089456,0.29199711688507984,False,False,True,True,False,False
Panther_office_Graham,Panther,USA,Office,7799.9,True,0.7417733089579525,77.3149,1.615782986203177,0.4293736298119031,False,False,True,True,False,False
Panther_education_Karri,Panther,USA,Education,5076.6,False,0.7473339427178549,366.3107,1.7129750782600672,0.060065966671060886,True,False,True,True,False,False
Panther_office_Valarie,Panther,USA,Office,1416.8,False,0.7418494820231566,33.9265,1.7547197618380914,-0.6001183152793542,True,False,False,False,False,False
Panther_education_Hugh,Panther,USA,Education,10395.0,False,0.7419256550883607,603.2764,1.087977417979553,0.02370000305831049,True,False,True,True,False,False
Panther_office_Larry,Panther,USA,Office,1738.9,False,0.7417733089579525,56.1708,1.495727317396227,0.33035305873286247,True,False,True,True,False,False
Panther_education_Mohammad,Panther,USA,Education,10244.6,False,0.7450487507617306,135.9932,1.7324300038531344,0.4547705579751227,True,False,True,True,False,False
Panther_office_Jeane,Panther,USA,Office,654.3,False,0.7421541742839732,18.9637,2.208856921381376,0.6239851920489564,True,False,False,True,False,False
Panther_education_Jonathan,Panther,USA,Education,331.6,False,0.7418494820231566,7.6435,1.8751121868254073,0.21510531342402625,True,False,False,True,False,False
Panther_education_Genevieve,Panther,USA,Education,12159.6,False,0.7419256550883607,258.2498,1.230290594610335,0.2680004901844308,True,False,True,True,False,False
Panther_education_Alecia,Panther,USA,Education,9805.4,False,0.7418494820231566,245.6474,1.462931518916954,0.4817465376993818,True,False,True,True,False,False
Panther_office_Jesus,Panther,USA,Office,9595.6,False,0.7419256550883607,84.2663,2.2772804786729695,0.5141617942021842,True,False,True,True,False,False
Panther_office_Catherine,Panther,USA,Office,2504.0,False,0.7418494820231566,49.6896,1.8183898039026354,0.10656527472560837,True,False,True,True,False,False
Panther_lodging_Awilda,Panther,USA,Lodging/residential,5499.9,False,0.7418494820231566,86.2167,1.5406017627675381,-0.5011142462379847,True,False,True,False,False,False
Panther_office_Garth,Panther,USA,Office,4919.9,True,0.7419256550883607,66.1328,1.572897261268236,0.3105747093537442,False,False,True,True,False,False
Panther_education_Quintin,Panther,USA,Education,10578.5,True,0.5951401584399756,317.5613,1.7500472759117691,-0.15011494721807347,False,False,True,False,False,False
Panther_education_Teofila,Panther,USA,Education,8723.3,True,0.7419256550883607,153.8847,1.6899511127487006,0.07837828418647165,False,False,True,True,False,False
Panther_education_Ivan,Panther,USA,Education,5751.1,True,0.7418494820231566,131.5454,1.6306932815590678,0.15330807032964708,False,False,True,True,False,False
Panther_office_Shauna,Panther,USA,Office,4495.8,False,0.7417733089579525,89.2172,2.6165929887958823,0.17263723761384206,True,False,True,True,False,False
Panther_lodging_Hattie,Panther,USA,Lodging/residential,3594.0,False,0.7419256550883607,147.1484,1.3668351133957286,0.5355133172308367,True,False,True,True,False,False
Panther_lodging_Jana,Panther,USA,Lodging/residential,3969.8,False,0.7420018281535649,79.4553,1.7250768671189964,0.6676234666424417,True,False,True,True,False,False
Panther_lodging_Teresita,Panther,USA,Lodging/residential,3866.3,False,0.7419256550883607,63.6123,1.6566025752881126,0.616360425573808,True,False,True,True,False,False
Panther_lodging_Cornelia,Panther,USA,Lodging/residential,4935.9,False,0.7419256550883607,39.9077,2.1002513299438452,0.42124748284282076,True,False,False,True,False,False
Panther_lodging_Tracie,Panther,USA,Lodging/residential,4935.9,False,0.7419256550883607,54.4105,1.9827386258167092,0.2194312674552922,True,False,True,True,False,False
Panther_office_Lois,Panther,USA,Office,1186.3,False,0.7421541742839732,160.3109,1.1921641011309898,-0.5279566808455416,True,False,True,False,False,False
Panther_office_Taryn,Panther,USA,Office,6003.3,False,0.7418494820231566,91.0176,1.4516478131702,0.3562935094745833,True,False,True,True,False,False
Panther_assembly_David,Panther,USA,Entertainment/public assembly,2503.2,False,0.7167885435709933,70.6136,5.333769854532271,0.226675285878409,True,False,True,True,False,False
Panther_office_Kristen,Panther,USA,Office,8719.9,False,0.7419256550883607,54.209,1.444891992104632,0.009763048057517267,True,False,True,True,False,False
Panther_other_Lucina,Panther,USA,Other,21043.1,False,0.7419256550883607,366.2707,1.2355569255198413,0.42985845041921317,True,False,True,True,False,False
Panther_retail_Kristina,Panther,USA,Retail,5487.9,True,0.7431444241316271,23.217,3.1224641426540907,0.31867534418118787,False,False,False,True,False,False
Panther_retail_Rachel,Panther,USA,Retail,26.3,False,0.7418494820231566,2.8806,3.3194126223703395,0.283004654821443,True,False,False,True,False,False
Panther_retail_Gilbert,Panther,USA,Retail,1421.8,False,0.6672760511882998,0.8602,1.6395024412927228,0.05829986690975607,True,False,False,True,False,False
Panther_retail_Lester,Panther,USA,Retail,840.3,False,0.85275746496039,3.3606,4.642920906980897,0.2847292100995315,True,False,False,True,False,False
Panther_retail_Felix,Panther,USA,Retail,2941.9,False,0.7419256550883607,119.32849999999999,1.812399217286734,0.7895940720639791,True,False,True,True,False,False
Panther_other_Tyrone,Panther,USA,Other,889.0,False,0.7421541742839732,24.9078,1.6653843374364656,0.8330438803683358,True,False,False,True,False,False
Panther_lodging_Myrtle,Panther,USA,Lodging/residential,2272.0,False,0.7418494820231566,54.1304,1.3858109306415618,-0.18781834431933364,True,False,True,False,False,False
Panther_other_Bettie,Panther,USA,Other,436.5,True,0.7418494820231566,13.5626,1.3466075826169024,-0.007179577655576519,False,False,False,False,False,False
Panther_parking_Asia,Panther,USA,Parking,36012.7,False,0.7419256550883607,30.1058,1.2558144942170613,-0.507279130155151,True,False,False,False,False,False
Panther_education_Edna,Panther,USA,Education,9896.3,False,0.7447440585009141,125.8243,1.689983572330623,0.24661997075658262,True,False,True,True,False,False
Panther_office_Otto,Panther,USA,Office,8151.5,False,0.33767519804996954,235.4454,1.4944777005624235,0.03208003602445737,True,False,True,True,False,False
Panther_education_Violet,Panther,USA,Education,730.9,False,0.7509140767824497,148.5087,1.4008613636776834,0.5090013673493895,True,False,True,True,False,False
Panther_office_Christian,Panther,USA,Office,1553.9,True,0.7417733089579525,33.2064,1.8302104413606992,-0.40863684400655365,False,False,False,False,False,False
Panther_lodging_Alita,Panther,USA,Lodging/residential,5582.4,False,0.7419256550883607,70.7136,1.425742714272785,0.32116103523469575,True,False,True,True,False,False
Panther_lodging_Edison,Panther,USA,Lodging/residential,6072.0,False,0.7419256550883607,104.1201,1.4270990903773628,0.4105404630737877,True,False,True,True,False,False
Panther_lodging_Sonja,Panther,USA,Lodging/residential,7746.2,False,0.7418494820231566,109.2211,1.5857320609296195,0.4761937368289382,True,False,True,True,False,False
Panther_assembly_Pamella,Panther,USA,Entertainment/public assembly,7556.5,False,0.7413162705667276,24.8048,8.352333782171197,0.02125361712588838,True,False,False,True,False,False
Panther_education_Neal,Panther,USA,Education,7578.7,True,0.7420018281535649,203.4392,2.188299501767604,0.042166112642677236,False,False,True,True,False,False
Panther_lodging_Blaine,Panther,USA,Lodging/residential,3594.0,False,0.7418494820231566,72.61399999999998,1.6584019610543426,0.5763787935397531,True,False,True,True,False,False
Panther_lodging_Floyd,Panther,USA,Lodging/residential,3969.8,False,0.7419256550883607,147.9485,1.49173665160512,0.641556157099512,True,False,True,True,False,False
Panther_lodging_Jorge,Panther,USA,Lodging/residential,3866.3,False,0.7423826934795856,64.8125,1.6037045323047252,0.5058970032422313,True,False,True,True,False,False
Panther_lodging_Edmond,Panther,USA,Lodging/residential,4935.9,False,0.7419256550883607,41.1079,2.064746678862215,0.5334142271490252,True,False,True,True,False,False
Panther_lodging_Kaitlin,Panther,USA,Lodging/residential,4935.9,False,0.7419256550883607,46.1089,1.928417290371273,0.47591197141994646,True,False,True,True,False,False
Panther_lodging_Fausto,Panther,USA,Lodging/residential,3459.8,False,0.7420018281535649,50.1697,1.8229648572744106,-0.5703402861380448,True,False,True,False,False,False
Panther_lodging_Janice,Panther,USA,Lodging/residential,2272.0,False,0.7418494820231566,55.6908,1.4482751190501844,-0.4130228394661204,True,False,True,False,False,False
Panther_parking_Charlene,Panther,USA,Parking,45284.0,False,0.7417733089579525,39.8077,1.5351753555216705,-0.48884963853315544,True,False,False,False,False,False
Panther_parking_Jody,Panther,USA,Parking,36012.7,False,0.6956124314442413,43.7685,1.1553925768532163,-0.5433076469942066,True,False,True,False,False,False
Panther_parking_Mellissa,Panther,USA,Parking,36012.7,False,0.7453534430225472,16.2431,1.6206943255905586,-0.48499340290657234,True,False,False,False,False,False
Panther_parking_Stanley,Panther,USA,Parking,36012.7,False,0.7409354052407069,40.2078,1.512435398106835,-0.5442559329539427,True,False,True,False,False,False
Panther_parking_Adela,Panther,USA,Parking,36012.7,False,0.7419256550883607,37.8073,1.7910059697465834,-0.4844370001822647,True,False,False,False,False,False
Panther_parking_Lorriane,Panther,USA,Parking,36012.7,False,0.7423826934795856,12.4224,1.4347791087068522,-0.3223387494045284,True,False,False,False,False,False
Panther_parking_Alaina,Panther,USA,Parking,36012.7,False,0.7430682510664229,32.0062,1.6468746680330686,-0.44191689114731786,True,False,False,False,False,False
Panther_education_Zelda,Panther,USA,Education,7519.8,True,0.7417733089579525,89.6173,1.5178564852991552,0.23752671886364327,False,False,True,True,False,False
Panther_education_Jerome,Panther,USA,Education,11974.0,True,0.742078001218769,473.2913,1.2058326447158443,0.4323270364509733,False,False,True,True,False,False
Panther_lodging_Anastasia,Panther,USA,Lodging/residential,2272.0,False,0.7419256550883607,52.6501,1.5045612448979204,-0.4414275679763677,True,False,True,False,False,False
Panther_education_Enriqueta,Panther,USA,Education,7084.5,True,0.7445155393053017,98.579,1.9489292851418676,0.02846737334356385,False,False,True,True,False,False
Panther_office_Lauretta,Panther,USA,Office,3366.8,False,0.7418494820231566,172.8333,1.3216949511465683,0.782279441066129,True,False,True,True,False,False
Panther_office_Patti,Panther,USA,Office,14503.2,False,0.7418494820231566,465.6899,1.46907201551934,0.665692057181408,True,False,True,True,False,False
Panther_other_Bethel,Panther,USA,Other,281.0,False,0.7418494820231566,4.2008,1.3619072557608074,-0.42720371854514644,True,False,False,False,False,False
Panther_office_Brent,Panther,USA,Office,998.1,True,0.7418494820231566,13.8827,2.2352136111851464,-0.020021684786002938,False,False,False,False,False,False
Panther_other_Lula,Panther,USA,Other,192.3,False,0.7420018281535649,1.1042,3.113113566382902,0.5717071088550464,True,False,False,True,False,False
Panther_office_Hannah,Panther,USA,Office,375.1,False,0.7417733089579525,6.4312,2.6115997014554044,0.6382216208965332,True,False,False,True,False,False
Panther_lodging_Else,Panther,USA,Lodging/residential,3459.8,False,0.7420018281535649,41.7681,2.4614923829429647,-0.6447379445598579,True,False,True,False,False,False
Panther_education_Janis,Panther,USA,Education,1015.6,False,0.7416209628275442,23.1005,2.4520746304192538,0.6147123641983228,True,False,False,True,False,False
Panther_assembly_Carrol,Panther,USA,Entertainment/public assembly,595.7,False,0.7419256550883607,26.8052,3.2373457388864866,0.48004818025966434,True,False,False,True,False,False
Panther_assembly_Gwyneth,Panther,USA,Entertainment/public assembly,7109.6,False,0.7420018281535649,231.2446,1.6422146073897523,0.26266245318956283,True,False,True,True,False,False
Panther_retail_Romeo,Panther,USA,Retail,15027.5,False,0.742078001218769,422.9801,1.37922578154386,0.21304981045365076,True,False,True,True,False,False
Panther_lodging_Gale,Panther,USA,Lodging/residential,5499.9,False,0.7418494820231566,102.6198,1.3699997466375893,-0.4239999064779845,True,False,True,False,False,False
Panther_education_Emily,Panther,USA,Education,6326.1,True,0.7461151736745887,136.0262,1.8090008101380457,0.0394812609615144,False,False,True,True,False,False
Panther_office_Lavinia,Panther,USA,Office,1001.4,True,0.7419256550883607,22.9644,1.7059622720384613,-0.34160845433344633,False,False,False,False,False,False
Panther_office_Clementine,Panther,USA,Office,3100.2,True,0.7576934795856185,46.8621,1.6510327108686962,0.10426621458012619,False,False,True,True,False,False
Panther_education_Scarlett,Panther,USA,Education,2737.8,False,0.7484765386959171,18.3435,2.6011502712132364,0.3180406238233133,True,False,False,True,False,False
Panther_lodging_Kara,Panther,USA,Lodging/residential,18667.3,True,0.7441346739792809,177.0342,1.306214279500797,0.10801090593447511,False,False,True,True,False,False
Panther_lodging_Kirk,Panther,USA,Lodging/residential,18667.3,True,0.7643967093235832,150.179,1.3759506988327261,0.007121346708073908,False,False,True,True,False,False
Panther_lodging_Cora,Panther,USA,Lodging/residential,17433.0,True,0.7447440585009141,132.4256,1.4650596259333541,-0.13647945084003504,False,False,True,False,False,False
Panther_lodging_Marisol,Panther,USA,Lodging/residential,18667.3,True,0.7420018281535649,164.9818,1.3310098447222665,-0.024944336597528583,False,False,True,False,False,False
Panther_office_Danica,Panther,USA,Office,210.0,False,0.7419256550883607,4.4829,2.5257891097280787,0.6249618707916388,True,False,False,True,False,False
Panther_lodging_Dianna,Panther,USA,Lodging/residential,2272.0,False,0.7418494820231566,51.0499,1.5329138744640047,-0.6780283575815127,True,False,True,False,False,False
Panther_office_Antonette,Panther,USA,Office,1752.2,False,0.7417733089579525,29.3657,1.742859867123887,-0.4459507128585036,True,False,False,False,False,False
Panther_office_Christin,Panther,USA,Office,1474.9,False,0.6980499695307739,19.7678,3.7689272453181433,0.5687305372870347,True,False,False,True,False,False
Panther_education_Cleopatra,Panther,USA,Education,2012.0,True,0.7503046922608165,24.8248,2.2626889239792467,0.12116572818589572,False,False,False,True,False,False
Panther_office_Ruthie,Panther,USA,Office,4211.3,False,0.7420018281535649,113.922,1.2897280595495164,0.305844277106301,True,False,True,True,False,False
Robin_education_Kiera,Robin,UK,Education,4703.0,False,1.0,71.70445000000001,2.0984227617672255,0.2026604608098394,True,True,True,True,True,False
Robin_education_Della,Robin,UK,Education,499.3,False,0.9976386349786716,0.7492,17.351841964762414,-0.14559191174254169,True,True,False,False,False,False
Robin_education_Lashandra,Robin,UK,Education,9061.0,False,1.0,117.0,4.469681623931623,-0.07721270480231003,True,True,True,False,False,True
Robin_education_Megan,Robin,UK,Education,7579.0,False,1.0,232.5,1.6473118279569892,0.26705963879744976,True,True,True,True,True,False
Robin_education_Mercedes,Robin,UK,Education,5295.0,False,1.0,233.07,1.8496756768352849,0.7325289355376274,True,True,True,True,True,False
Robin_education_Audrea,Robin,UK,Education,2584.0,False,1.0,298.25,1.3079337803855824,0.4694869840222725,True,True,True,True,True,False
Robin_education_Derrick,Robin,UK,Education,10994.0,False,1.0,390.75,1.4727223288547664,0.3269037872821729,True,True,True,True,True,False
Robin_education_Karyl,Robin,UK,Education,2992.0,False,1.0,30.5987,5.020638131685333,-0.20662124418979316,True,True,False,False,False,False
Robin_education_Madeline,Robin,UK,Education,9335.0,False,1.0,353.5833,1.3165214533604952,0.24260790063443277,True,True,True,True,True,False
Robin_education_Leslie,Robin,UK,Education,12977.0,False,1.0,833.5311,1.4724885490175468,0.36530457920671305,True,True,False,True,False,False
Robin_education_So,Robin,UK,Education,12051.0,False,1.0,475.8,1.3728457335014712,0.12230762829375356,True,True,True,True,True,False
Robin_education_Jasper,Robin,UK,Education,3462.0,False,1.0,157.9,1.419081697276757,0.24631183363877127,True,True,True,True,True,False
Robin_education_Cecilia,Robin,UK,Education,1439.0,False,1.0,47.4035,1.9091417300410307,0.5939273124510401,True,True,True,True,True,False
Robin_education_Julius,Robin,UK,Education,12850.0,False,1.0,305.4,1.9467779960707268,0.09468962622602674,True,True,True,True,True,False
Robin_education_Margarito,Robin,UK,Education,8468.0,False,1.0,508.709,1.485009563424276,0.7148749987866929,True,True,True,True,True,False
Robin_education_Zenia,Robin,UK,Education,6337.0,False,1.0,187.2,1.8319764957264955,0.2388862054297339,True,True,True,True,True,False
Robin_education_Derick,Robin,UK,Education,13965.0,False,1.0,532.0,1.4626804511278195,0.19537391237922452,True,True,True,True,True,False
Robin_education_Terrance,Robin,UK,Education,7714.9,False,1.0,259.0,1.5311698841698842,0.19722566625271828,True,True,True,True,True,False
Robin_education_Kristopher,Robin,UK,Education,5686.0,False,1.0,116.6,1.6807289879931386,0.1544711008159423,True,True,True,True,True,False
Robin_education_Billi,Robin,UK,Education,3560.0,False,1.0,29.7,2.942760942760943,0.14589218386337371,True,True,False,True,False,False
Robin_education_Takako,Robin,UK,Education,1561.0,False,1.0,171.3,1.575598365440747,0.25330559544301634,True,True,True,True,True,False
Robin_education_Lizbeth,Robin,UK,Education,2001.0,False,1.0,118.4,1.5945945945945945,0.7237003145331697,True,True,True,True,True,False
Robin_lodging_Donna,Robin,UK,Lodging/residential,2515.0,False,1.0,21.8241,1.6495525588684068,-0.15757744436184898,True,True,False,False,False,False
Robin_lodging_Renea,Robin,UK,Lodging/residential,9548.0,False,1.0,89.4,1.749440715883669,-0.12831778303893132,True,True,True,False,False,True
Robin_lodging_Elmer,Robin,UK,Lodging/residential,9565.0,False,1.0,92.5,1.775135135135135,-0.291250235366732,True,True,True,False,False,True
Robin_lodging_Dorthy,Robin,UK,Lodging/residential,5842.9,False,1.0,31.6,1.7744620253164543,-0.05253717715016294,True,True,False,False,False,False
Robin_lodging_Janie,Robin,UK,Lodging/residential,6193.0,False,1.0,124.48115,2.074687533012026,-0.7817615109329888,True,True,True,False,False,True
Robin_lodging_Celia,Robin,UK,Lodging/residential,7721.0,False,1.0,49.7,2.0643863179074446,-0.10148726734925664,True,True,True,False,False,True
Robin_lodging_Oliva,Robin,UK,Lodging/residential,6013.0,False,1.0,52.4,2.001908396946565,-0.4054850237492031,True,True,True,False,False,True
Robin_lodging_Pricilla,Robin,UK,Lodging/residential,4607.0,False,0.9998476538695917,62.4,2.2371794871794872,-0.6903953296048271,True,True,True,False,False,True
Robin_lodging_Phillip,Robin,UK,Lodging/residential,6181.0,False,0.9949725776965265,41.0,1.9302195121951204,-0.36600086595182196,True,True,True,False,False,True
Robin_lodging_Armand,Robin,UK,Lodging/residential,5246.0,False,1.0,38.938,1.5844871333915453,-0.15184118723528092,True,True,False,False,False,False
Robin_assembly_Colleen,Robin,UK,Entertainment/public assembly,5948.0,False,1.0,47.75,1.8991099476439768,0.05142445367898728,True,True,True,True,True,False
Robin_public_Carolina,Robin,UK,Public services,10984.0,False,1.0,140.1147,1.5531917778791233,0.02329267095499858,True,True,True,True,True,False
Robin_public_Cami,Robin,UK,Public services,5261.0,False,1.0,79.75,1.45141065830721,0.3855781484099592,True,True,True,True,True,False
Robin_office_Shirlene,Robin,UK,Office,4647.0,False,1.0,29.7347,1.8496907653347772,0.19015466616338844,True,True,False,True,False,False
Robin_office_Gayle,Robin,UK,Office,4161.0,False,1.0,53.4666,2.2103986413948125,0.18850821144774332,True,True,True,True,True,False
Robin_office_Dina,Robin,UK,Office,4213.0,False,1.0,34.2212,2.147791427536147,0.1667357678040228,True,True,False,True,False,False
Robin_office_Victor,Robin,UK,Office,3724.0,False,1.0,49.4744,2.068935954756399,0.222966834810104,True,True,True,True,True,False
Robin_office_Lindsay,Robin,UK,Office,5358.0,False,1.0,50.125,2.1439650872817944,-0.3890604269716951,True,True,True,False,False,True
Robin_office_Adolph,Robin,UK,Office,1321.0,False,1.0,25.875,1.7867926570048298,0.2546681078996409,True,True,False,True,False,False
Robin_office_Saul,Robin,UK,Office,2937.0,False,1.0,16.2,1.962962962962963,-0.4641819989900703,True,True,False,False,False,False
Robin_office_Donald,Robin,UK,Office,7669.0,False,1.0,149.0,1.7965268456375831,-0.22043173957385204,True,True,True,False,False,True
Robin_office_Wai,Robin,UK,Office,16221.0,False,0.9966483851310177,152.6,2.577549148099607,0.1385855115937112,True,True,True,True,True,False
Robin_office_Zelma,Robin,UK,Office,7607.0,False,1.0,119.5,1.5564853556485356,0.2376798289787166,True,True,True,True,True,False
Robin_office_Antonina,Robin,UK,Office,6099.7,False,1.0,399.55,1.5132499061444122,0.3842158125401164,True,True,True,True,True,False
Robin_office_Serena,Robin,UK,Office,2833.1,False,1.0,45.9,2.2047930283224404,0.32553084906687363,True,True,True,True,True,False
Robin_office_Soledad,Robin,UK,Office,957.0,False,0.9997714808043876,12.0,2.421233333333334,-0.17469491925087738,True,True,False,False,False,False
Robin_office_Erma,Robin,UK,Office,4434.0,False,0.5685557586837294,13.1,3.132595419847328,0.020538855455836717,True,False,False,True,False,False
Robin_office_Addie,Robin,UK,Office,1495.0,False,1.0,19.5,1.8666666666666667,0.38077454646408054,True,True,False,True,False,False
Robin_office_Maryann,Robin,UK,Office,3201.0,False,1.0,225.4,1.5186335403726707,0.10335533366649195,True,True,True,True,True,False
Robin_office_Sammie,Robin,UK,Office,4802.0,False,1.0,85.0,1.6749764705882348,-0.0377467801584595,True,True,True,False,False,True
Fox_public_Denny,Fox,USA,Public services,4058.1,False,0.9996191346739792,134.33,1.6210853867341628,0.7448408599840329,True,True,True,True,True,False
Fox_office_Clayton,Fox,USA,Office,488.5,False,0.9998476538695917,87.525,1.879120251356755,0.6666163625608079,True,True,True,True,True,False
Fox_office_Susanne,Fox,USA,Office,941.6,False,0.9997714808043876,14.37,3.1974669450243565,0.5221563632494365,True,True,False,True,False,False
Fox_education_Vernon,Fox,USA,Education,3825.7,True,0.567260816575259,53.92,3.05985534124629,-0.20467776810247237,False,False,True,False,False,False
Fox_education_Charles,Fox,USA,Education,909.3,False,0.9990097501523462,12.89,2.6622032583397996,0.7794016800319313,True,True,False,True,False,False
Fox_assembly_Kathie,Fox,USA,Entertainment/public assembly,1466.6,False,0.9800426569165143,9.57,4.894566353187045,-0.20207974734396228,True,True,False,False,False,False
Fox_education_Kendrick,Fox,USA,Education,1052.5,True,0.9998476538695917,10.3,2.885436893203883,-0.05036157300442315,False,True,False,False,False,False
Fox_education_Delma,Fox,USA,Education,9181.5,True,0.9998476538695917,78.97,3.7851715841458784,0.19390253877388638,False,True,True,True,False,False
Fox_education_Ollie,Fox,USA,Education,6698.5,True,0.9998476538695917,103.89,1.5245211281162767,0.03748738956526289,False,True,True,True,False,False
Fox_warehouse_Pearl,Fox,USA,Warehouse/storage,1199.2,False,0.9928397318708104,26.35,3.053529411764706,0.6807840145278998,True,True,False,True,False,False
Fox_warehouse_Lorretta,Fox,USA,Warehouse/storage,360.2,False,0.9498019500304692,9.72,15.353868312757196,0.023972560429010054,True,False,False,True,False,False
Fox_lodging_Helen,Fox,USA,Lodging/residential,51394.9,True,0.9999238269347959,357.8,1.61027110117384,0.2130286928992827,False,True,True,True,False,False
Fox_lodging_Stephen,Fox,USA,Lodging/residential,8019.7,True,0.9998476538695917,81.275,1.4734543217471545,-0.22301152358036958,False,True,True,False,False,False
Fox_education_Andre,Fox,USA,Education,17044.0,True,0.9999238269347959,439.16,1.331604426632662,0.11700042301759359,False,True,True,True,False,False
Fox_education_Yolande,Fox,USA,Education,16681.6,True,0.9998476538695917,510.655,1.2520977959679238,0.2011908496421873,False,True,True,True,False,False
Fox_retail_Manie,Fox,USA,Retail,4201.4,True,0.9987812309567337,54.125,2.0363972286374135,0.13669909326128662,False,True,True,True,False,False
Fox_office_Essie,Fox,USA,Office,12244.3,True,0.9987812309567337,35.275,3.865627214741319,0.12067349075311994,False,True,False,True,False,False
Fox_office_Israel,Fox,USA,Office,11282.1,True,0.9997714808043876,117.19,1.6444474784537932,0.005764525730963068,False,True,True,True,False,False
Fox_education_Rosie,Fox,USA,Education,8445.2,True,0.9996953077391835,120.12,1.7284457209457214,-0.6196832326194577,False,True,True,False,False,False
Fox_education_Tonya,Fox,USA,Education,8444.9,True,0.9997714808043876,166.16,1.268071738083775,0.005287742553060447,False,True,True,True,False,False
Fox_education_Nilda,Fox,USA,Education,10371.2,True,0.9997714808043876,125.05,1.7570379848060775,0.2549148087537858,False,True,True,True,False,False
Fox_education_Kim,Fox,USA,Education,5782.1,True,0.9997714808043876,58.59,1.665430960914832,0.06331450484252409,False,True,True,True,False,False
Fox_assembly_Boyce,Fox,USA,Entertainment/public assembly,15520.9,True,0.9606185252894577,331.1,1.985303533675626,0.5421882001659359,False,False,True,True,False,False
Fox_office_Berniece,Fox,USA,Office,2173.2,True,0.9985527117611213,25.46,2.8592301649646505,-0.5047331283424082,False,True,False,False,False,False
Fox_food_Francesco,Fox,USA,Food sales and service,2310.2,True,0.9996953077391835,50.98,2.103917222440173,0.04307580106850302,False,True,True,True,False,False
Fox_education_Maris,Fox,USA,Education,2284.1,True,0.8503199268738574,18.26,1.6653888280394302,-0.4602483237829026,False,False,False,False,False,False
Fox_education_Elvira,Fox,USA,Education,13826.7,True,0.9983241925655089,196.87,1.7554655356326547,-0.0077964208170566585,False,True,True,False,False,False
Fox_assembly_Jerrod,Fox,USA,Entertainment/public assembly,94.9,False,0.9510207190737355,1.31,18.789007633587623,0.10868153736671832,True,False,False,True,False,False
Fox_education_Leota,Fox,USA,Education,12311.3,True,0.9996191346739792,210.54,1.6086681865678734,0.21227616092952778,False,True,True,True,False,False
Fox_education_Heriberto,Fox,USA,Education,3174.6,True,0.9996953077391835,43.72,1.4234995425434587,0.24975347486729071,False,True,True,True,False,False
Fox_education_Miguelina,Fox,USA,Education,7831.7,False,0.9991620962827544,86.81,2.3739430941135815,0.25425912994191985,True,True,True,True,True,False
Fox_education_Maureen,Fox,USA,Education,22757.9,True,0.3308196221815966,282.93,1.3972982716573001,0.31739908735526084,False,False,True,True,False,False
Fox_religion_Maurice,Fox,USA,Religious worship,151.3,False,0.9180377818403412,1.31,3.66412213740458,0.46301934551962354,True,False,False,True,False,False
Fox_education_Sterling,Fox,USA,Education,4106.6,True,0.9996191346739792,16.67,3.62627474505099,0.24994903257082818,False,True,False,True,False,False
Fox_office_Margarita,Fox,USA,Office,2187.8,True,0.9868220597196831,18.68,1.6699464668094213,0.6728315728507558,False,True,False,True,False,False
Fox_education_Elois,Fox,USA,Education,695.0,True,0.9995429616087751,11.26,1.7653552397868553,-0.1420903290363304,False,True,False,False,False,False
Fox_education_Geoffrey,Fox,USA,Education,12731.4,True,0.9996953077391835,120.57,1.3089557933150868,-0.05880624625580378,False,True,True,False,False,False
Fox_education_Gayla,Fox,USA,Education,7271.3,True,0.9207038391224863,55.76,2.1727797704447633,0.0378133973669148,False,False,True,True,False,False
Fox_education_Gloria,Fox,USA,Education,14087.5,True,0.9996953077391835,665.505,1.1216561859039376,0.13554030023072222,False,True,True,True,False,False
Fox_office_Molly,Fox,USA,Office,576.3,False,0.9988574040219378,5.17,4.952185686653762,0.41813087349906247,True,True,False,True,False,False
Fox_office_Demetrius,Fox,USA,Office,14463.3,True,0.9988574040219378,120.81,2.194013740584387,-0.4626665746652449,False,True,True,False,False,False
Fox_office_Sheila,Fox,USA,Office,901.4,True,0.9995429616087751,7.31,2.8987688098495217,0.6871585690011632,False,True,False,True,False,False
Fox_assembly_Cindy,Fox,USA,Entertainment/public assembly,3765.5,False,0.9991620962827544,50.57,1.4358315206644254,0.3835453223197926,True,True,True,True,True,False
Fox_public_Rhonda,Fox,USA,Public services,9555.6,True,0.9996953077391835,118.13,1.6365089308389065,-0.27341357495409147,False,True,True,False,False,False
Fox_office_Yong,Fox,USA,Office,15232.3,True,0.9992382693479586,135.185,1.842327181270111,-0.14832959772194487,False,True,True,False,False,False
Fox_parking_Tommie,Fox,USA,Parking,37633.4,False,0.9992382693479586,85.33500000000001,1.2771816956700062,0.22585565009825842,True,True,True,True,True,False
Fox_assembly_Emma,Fox,USA,Entertainment/public assembly,13293.8,True,0.9992382693479586,162.57,1.5839515285723074,0.23026812027276222,False,True,True,True,False,False
Fox_education_Wendell,Fox,USA,Education,20402.2,True,0.9996953077391835,524.795,1.18874989281529,0.3184230980330457,False,True,True,True,False,False
Fox_lodging_Alana,Fox,USA,Lodging/residential,6938.2,True,0.9996953077391835,189.86,1.5126208785420838,0.03249695638704069,False,True,True,True,False,False
Fox_lodging_Wallace,Fox,USA,Lodging/residential,5885.2,True,0.9996953077391835,342.72,1.3722102591036414,0.19261120299115242,False,True,True,True,False,False
Fox_lodging_Isabell,Fox,USA,Lodging/residential,2875.3,True,0.9996953077391835,28.425,1.3645628847845206,-0.1752441331654944,False,True,False,False,False,False
Fox_lodging_Winifred,Fox,USA,Lodging/residential,5582.2,True,0.9996953077391835,83.985,1.3804024528189558,0.4556484953418558,False,True,True,True,False,False
Fox_public_Martin,Fox,USA,Public services,32129.3,True,0.9991620962827544,185.77,1.242702266243204,0.3025875856070167,False,True,True,True,False,False
Fox_public_Lauren,Fox,USA,Public services,9262.4,True,0.9992382693479586,128.29,1.2007023150674256,0.04448064017847992,False,True,True,True,False,False
Fox_health_Lorena,Fox,USA,Healthcare,3428.5,True,0.9969530773918343,40.77,2.101532989943583,-0.098801201738669,False,True,True,False,False,False
Fox_education_Claude,Fox,USA,Education,17957.6,True,0.998933577087142,962.11,1.077208947001902,0.12817610927873896,False,True,False,True,False,False
Fox_education_Jaclyn,Fox,USA,Education,6619.2,True,0.9997714808043876,183.69,1.3964853829821982,0.427967287426691,False,True,True,True,False,False
Fox_education_Etta,Fox,USA,Education,4497.5,False,0.9997714808043876,189.29,1.6826752601827886,0.6929872837461074,True,True,True,True,True,False
Fox_education_Otilia,Fox,USA,Education,30403.1,True,0.9997714808043876,914.68,1.1461254209122316,0.2839376445942477,False,True,False,True,False,False
Fox_education_Eldon,Fox,USA,Education,4613.7,True,0.9997714808043876,195.74,1.1497803208337591,0.11688505358583028,False,True,True,True,False,False
Fox_education_Janina,Fox,USA,Education,8479.5,True,0.9977909811090798,120.5,1.7186804979253114,-0.2749881620549856,False,True,True,False,False,False
Fox_lodging_Stephan,Fox,USA,Lodging/residential,3382.2,True,0.9997714808043876,30.12,1.3962549800796815,0.3334273803004258,False,True,False,True,False,False
Fox_education_Long,Fox,USA,Education,12733.7,True,0.9997714808043876,158.5,1.5415167192429025,0.11908349619142,False,True,True,True,False,False
Fox_education_Leona,Fox,USA,Education,26286.5,True,0.9997714808043876,249.31,1.6242461192892383,0.3007310139593939,False,True,True,True,False,False
Fox_public_Belle,Fox,USA,Public services,1524.6,False,0.9985527117611213,59.94,4.261528194861529,0.13477723754080528,True,True,True,True,True,False
Fox_education_Dominique,Fox,USA,Education,8930.2,True,0.9992382693479586,179.595,1.3124056905815864,0.40992696277791957,False,True,True,True,False,False
Fox_education_Theodore,Fox,USA,Education,11389.2,True,0.9996191346739792,267.38,1.1217951978457628,0.07265573085854299,False,True,True,True,False,False
Fox_education_Melinda,Fox,USA,Education,18984.6,True,0.9996953077391835,424.67,1.3603329644194317,0.46805317814766073,False,True,True,True,False,False
Fox_assembly_Audrey,Fox,USA,Entertainment/public assembly,1108.8,True,0.9997714808043876,12.68,2.323943217665615,0.044184930972564346,False,True,False,True,False,False
Fox_education_Willis,Fox,USA,Education,24265.1,False,0.9997714808043876,2357.93,1.2945376665125767,0.7237864318068107,True,True,False,True,False,False
Fox_education_Elizabeth,Fox,USA,Education,25295.4,True,0.92481718464351,447.58,1.7980874927387283,0.1173881095870964,False,False,True,True,False,False
Fox_lodging_Angla,Fox,USA,Lodging/residential,20115.9,True,0.9985527117611213,105.58,1.9408751657510892,0.02719888949380431,False,True,True,True,False,False
Fox_office_Carson,Fox,USA,Office,6891.5,True,0.9997714808043876,54.19,1.5282081564864372,0.1461810027985891,False,True,True,True,False,False
Fox_assembly_Cecelia,Fox,USA,Entertainment/public assembly,1591.6,False,0.9997714808043876,11.86,3.381585160202362,0.8653961880739093,True,True,False,True,False,False
Fox_lodging_Warren,Fox,USA,Lodging/residential,4562.3,True,0.999466788543571,36.13,1.5884860226958197,0.517940289245374,False,True,False,True,False,False
Fox_education_Eddy,Fox,USA,Education,13015.0,True,0.9997714808043876,312.73,1.4571048508297892,-0.3758528790057564,False,True,True,False,False,False
Fox_education_Shawanda,Fox,USA,Education,960.1,False,0.9997714808043876,6.48,7.259320987654322,0.5069731565855349,True,True,False,True,False,False
Fox_education_Stacia,Fox,USA,Education,3134.5,True,0.984613040828763,77.09,1.1876378259177585,-0.11723321611645716,False,True,True,False,False,False
Fox_assembly_Gary,Fox,USA,Entertainment/public assembly,2261.7,False,0.9997714808043876,88.82,1.4343391128124299,0.040179789976611424,True,True,True,True,True,False
Fox_education_Rudolph,Fox,USA,Education,2335.5,True,0.9996953077391835,23.134999999999998,1.9700756429652044,-0.03123198322303913,False,True,False,False,False,False
Fox_education_Louie,Fox,USA,Education,16645.2,True,0.9998476538695917,73.27,1.5443564896956463,0.09863471807584355,False,True,True,True,False,False
Fox_education_Ashli,Fox,USA,Education,864.8,True,0.9996953077391835,31.335,1.658455401308441,0.13374099269074174,False,True,False,True,False,False
Fox_assembly_Cathy,Fox,USA,Entertainment/public assembly,13386.0,True,0.9990097501523462,59.44,1.4515477792732168,0.20553587974899534,False,True,True,True,False,False
Fox_public_Bart,Fox,USA,Public services,9407.5,True,0.9996953077391835,152.72,1.320979570455736,0.18820559638396245,False,True,True,True,False,False
Fox_office_Bernard,Fox,USA,Office,4182.2,True,0.9997714808043876,136.19,1.2975989426536456,-0.14234688003017146,False,True,True,False,False,False
Fox_lodging_Jina,Fox,USA,Lodging/residential,9888.6,True,0.9997714808043876,142.41,1.33366757952391,0.04933685354094774,False,True,True,True,False,False
Fox_lodging_Frances,Fox,USA,Lodging/residential,10340.5,True,0.9988574040219378,94.7,1.487104540654699,0.6439256517357425,False,True,True,True,False,False
Fox_assembly_Terrell,Fox,USA,Entertainment/public assembly,4830.9,False,0.9903260207190737,44.95,2.4994438264738594,0.5118558070302307,True,True,True,True,True,False
Fox_parking_Lynelle,Fox,USA,Parking,14596.3,False,0.9997714808043876,12.21,1.7911547911547911,-0.009390419220562456,True,True,False,False,False,False
Fox_parking_Felipa,Fox,USA,Parking,51767.1,False,0.9959628275441804,65.07,1.2612571077301369,0.12208886264916674,True,True,True,True,True,False
Fox_education_Dewayne,Fox,USA,Education,8892.4,True,0.9987812309567337,66.345,2.1910392644509753,0.29981181479398733,False,True,True,True,False,False
Fox_education_Shirley,Fox,USA,Education,8220.6,True,0.9865935405240707,89.41499999999999,2.7972778616563216,-0.05823178469176455,False,True,True,False,False,False
Fox_office_Alice,Fox,USA,Office,18806.8,True,0.9997714808043876,353.25,1.2530151450813871,0.36325367567604516,False,True,True,True,False,False
Fox_education_Marlana,Fox,USA,Education,5997.8,True,0.9992382693479586,174.17,1.2833806051558823,-0.05668124923407273,False,True,True,False,False,False
Fox_education_Melvin,Fox,USA,Education,2289.4,True,0.9993144424131627,56.47,2.2004285461306887,0.01761019832474215,False,True,True,True,False,False
Fox_assembly_Renna,Fox,USA,Entertainment/public assembly,16671.4,True,0.9997714808043876,370.97,1.2348189880583336,-0.006742025583119821,False,True,True,False,False,False
Fox_education_Lilly,Fox,USA,Education,12236.3,True,0.9993906154783668,179.125,1.581848429867411,0.11158729389743771,False,True,True,True,False,False
Fox_education_Virginia,Fox,USA,Education,1186.7,False,0.9965722120658135,8.25,5.459612121212121,-0.21362483833759907,True,True,False,False,False,False
Fox_education_Marcelina,Fox,USA,Education,400.8,True,0.9946678854357099,3.455,7.710564399421129,-0.463352282838505,False,True,False,False,False,False
Fox_education_Virgil,Fox,USA,Education,6123.0,True,0.9998476538695917,87.45,1.3056603773584905,0.24191219496484312,False,True,True,True,False,False
Fox_assembly_Johnnie,Fox,USA,Entertainment/public assembly,23668.5,True,0.9955057891529555,352.81,1.3572551798418413,0.4087138818268098,False,True,True,True,False,False
Fox_education_Suzan,Fox,USA,Education,4559.5,True,0.9912400975015234,34.86,3.410040160642569,0.06584358671882842,False,True,False,True,False,False
Fox_education_Lesley,Fox,USA,Education,1555.6,True,0.9996191346739792,10.51,3.2442245480494805,-0.03168116777460844,False,True,False,False,False,False
Fox_education_Burton,Fox,USA,Education,7028.1,True,0.9996953077391835,46.21,1.8389136550530192,0.030012331866315033,False,True,True,True,False,False
Fox_education_Shaun,Fox,USA,Education,6616.9,True,0.8257921998781231,69.7,5.331420373027261,-0.33426539701855273,False,False,True,False,False,False
Fox_education_Cynthia,Fox,USA,Education,7197.1,True,0.9900975015234613,203.34,1.7422332054686736,-0.3810685667407098,False,True,True,False,False,False
Fox_education_Jacqueline,Fox,USA,Education,11797.3,True,0.6624771480804388,59.03,4.636320514992376,-0.3634899288388625,False,False,True,False,False,False
Fox_education_Tamika,Fox,USA,Education,8339.9,False,0.9996191346739792,147.27,1.7985577510694646,0.7034023691003604,True,True,True,True,True,False
Fox_assembly_Leeanne,Fox,USA,Entertainment/public assembly,1932.8,False,0.9992382693479586,19.384999999999998,1.5904049522826929,0.7701668256602422,True,True,False,True,False,False
Fox_education_Claire,Fox,USA,Education,8145.1,True,0.9998476538695917,68.1,1.5901248164464026,-0.12888284839222214,False,True,True,False,False,False
Fox_office_Edythe,Fox,USA,Office,7772.3,True,0.9999238269347959,108.33,1.5573433028708574,0.09466744590497538,False,True,True,True,False,False
Fox_office_Thelma,Fox,USA,Office,11052.3,True,0.9998476538695917,107.245,1.9224905590004195,0.10223737799505936,False,True,True,True,False,False
Fox_education_Kris,Fox,USA,Education,2837.5,False,0.9996953077391835,94.89500000000001,2.425727382896887,0.608975823419707,True,True,True,True,True,False
Fox_assembly_Carlos,Fox,USA,Entertainment/public assembly,6706.9,True,0.9981718464351006,104.065,3.012593090856675,0.2905757163777301,False,True,True,True,False,False
Fox_assembly_Tony,Fox,USA,Entertainment/public assembly,7231.9,True,0.9999238269347959,87.29,1.4427425821972732,0.28315683170255374,False,True,True,True,False,False
Fox_assembly_Bradley,Fox,USA,Entertainment/public assembly,75207.8,False,0.960770871419866,129.69,3.7202189837304322,0.39162139592945244,True,False,True,True,False,False
Fox_office_Easter,Fox,USA,Office,2766.5,True,0.9923065204143815,17.79,3.3755480607082613,0.055199347360158614,False,True,False,True,False,False
Fox_education_Carleen,Fox,USA,Education,6635.2,True,0.9990097501523462,103.39,1.8503491633620281,0.5859402221658063,False,True,True,True,False,False
Fox_education_Henrietta,Fox,USA,Education,425.8,False,0.9999238269347959,17.33,3.5847893825735713,0.4195595234109562,True,True,False,True,False,False
Fox_office_Zachary,Fox,USA,Office,13038.5,True,0.9990097501523462,159.18,2.187381580600578,-0.5182088935318243,False,True,True,False,False,False
Fox_office_Brandy,Fox,USA,Office,3921.8,False,0.9993144424131627,22.1,4.334389140271493,0.5081625313230955,True,True,False,True,False,False
Fox_office_Vicki,Fox,USA,Office,6580.5,False,0.9992382693479586,140.155,1.6779158788484176,0.7194011893085097,True,True,True,True,True,False
Fox_office_Joy,Fox,USA,Office,6581.0,False,0.9993144424131627,179.75,1.6323182197496522,0.7456059477428469,True,True,True,True,True,False
Fox_education_Ray,Fox,USA,Education,1185.5,True,0.9999238269347959,46.38,1.9944329452350147,-0.8079183395346486,False,True,True,False,False,False
Fox_office_Gaylord,Fox,USA,Office,13759.0,False,0.9808043875685558,131.39499999999998,2.9133718939076836,0.5033194963951088,True,True,True,True,True,False
Fox_education_John,Fox,USA,Education,4587.9,True,0.9998476538695917,49.364999999999995,2.2974273270535805,0.5689530404261143,False,True,True,True,False,False
Fox_assembly_Dixie,Fox,USA,Entertainment/public assembly,9801.7,False,0.9996953077391835,46.39,4.703550334123733,0.5223179726490372,True,True,True,True,True,False
Fox_food_Scott,Fox,USA,Food sales and service,2681.4,True,0.9988574040219378,73.32,1.7999399890889245,-0.12964319243759295,False,True,True,False,False,False
Fox_office_Juana,Fox,USA,Office,2671.0,True,0.9892595978062158,14.31,3.995094339622638,0.029278640707066268,False,True,False,True,False,False
Fox_assembly_Sheldon,Fox,USA,Entertainment/public assembly,4823.5,False,0.9999238269347959,108.85,1.4363050068902161,0.13487641053186455,True,True,True,True,True,False
Fox_assembly_Adrianne,Fox,USA,Entertainment/public assembly,21391.8,True,0.9981718464351006,194.255,2.7020998172505206,0.16384680932079762,False,True,True,True,False,False
Fox_utility_Marian,Fox,USA,Utility,2040.0,True,0.9998476538695917,195.89,7.85177905967635,0.0760504188305087,False,True,True,True,False,False
Fox_lodging_Morris,Fox,USA,Lodging/residential,3051.0,True,0.9987050578915295,22.64,1.3962014134275618,0.041864133592898235,False,True,False,True,False,False
Fox_office_Rowena,Fox,USA,Office,3132.0,True,0.9982480195003047,32.11,2.144179383369666,0.5269535043423854,False,True,False,True,False,False
Fox_assembly_Christie,Fox,USA,Entertainment/public assembly,997.1,False,0.9980956733698964,18.57,2.8707592891760907,0.3638038126199379,True,True,False,True,False,False
Fox_assembly_Lakeisha,Fox,USA,Entertainment/public assembly,898.0,False,0.9993144424131627,14.56,2.821181318681318,0.4337781013378217,True,True,False,True,False,False
Fox_office_Karima,Fox,USA,Office,4806.1,True,0.9998476538695917,80.62,1.6045956338377574,0.3134945317962074,False,True,True,True,False,False
Rat_public_Dalia,Rat,USA,Public services,8420.3,False,0.9937538086532602,174.28,1.7079268992425969,0.7823329386410706,True,True,True,True,True,False
Rat_public_Muriel,Rat,USA,Public services,3134.8,False,0.9910877513711152,75.69,5.103831417624521,-0.44192339859479346,True,True,True,False,False,True
Rat_office_Adele,Rat,USA,Office,37904.4,False,0.9977909811090798,660.87,1.6797191580795017,0.08327465550733826,True,True,True,True,True,False
Rat_education_Angelica,Rat,USA,Education,5202.6,False,0.113345521023766,49.47,2.0082514655346646,0.5354110276579594,True,False,True,True,False,False
Rat_education_Moises,Rat,USA,Education,7794.6,False,0.38155088360755635,160.68,1.298419218322131,0.2879439983771744,True,False,True,True,False,False
Rat_assembly_Ezequiel,Rat,USA,Entertainment/public assembly,1385.5,False,0.997867154174284,36.364999999999995,3.089786882991888,-0.6677077308165084,True,True,False,False,False,False
Rat_education_Colin,Rat,USA,Education,7748.1,False,0.9942870201096892,52.17,2.6156641748131104,0.48984951164150525,True,True,True,True,True,False
Rat_office_Ashlee,Rat,USA,Office,2186.9,False,0.8312766605728215,48.8,1.9014098360655738,0.6732568368098585,True,False,True,True,False,False
Rat_public_Chrissy,Rat,USA,Public services,2043.9,False,0.9696069469835467,50.26,1.9689056904098685,0.649662947314635,True,False,True,True,False,False
Rat_education_Denise,Rat,USA,Education,6085.1,False,0.6214198659354052,70.95,2.726373502466527,0.4395981364407104,True,False,True,True,False,False
Rat_education_Wilmer,Rat,USA,Education,6150.2,False,0.9924588665447898,98.0,1.9847877551020385,-0.20856494135687578,True,True,True,False,False,True
Rat_assembly_Kristine,Rat,USA,Entertainment/public assembly,3673.5,False,0.9782145033516149,22.03,2.2653608715388103,0.5279366441049351,True,True,False,True,False,False
Rat_education_Conrad,Rat,USA,Education,33073.5,False,0.933805606337599,86.01,6.670715033135681,0.6133356296592625,True,False,True,True,False,False
Rat_education_Rogelio,Rat,USA,Education,5834.3,False,0.9849939061547837,125.82,1.8373708472420922,0.040510875946679833,True,True,True,True,True,False
Rat_public_Nell,Rat,USA,Public services,4754.4,False,0.9979433272394881,36.48,2.5600328947368425,0.22374066422339559,True,True,False,True,False,False
Rat_education_Calvin,Rat,USA,Education,5304.8,False,0.996800731261426,35.18,2.0048891415577024,-0.1394704094917922,True,True,False,False,False,False
Rat_assembly_Dovie,Rat,USA,Entertainment/public assembly,1481.8,False,0.9979433272394881,19.73,3.5190065889508366,0.6614731657610124,True,True,False,True,False,False
Rat_assembly_Jannie,Rat,USA,Entertainment/public assembly,18051.1,False,0.9940585009140768,0.04,291.0,0.1519144573470193,True,True,False,True,False,False
Rat_office_Ronald,Rat,USA,Office,802.4,False,0.9977909811090798,49.84,2.2488402889245593,0.3711253300514958,True,True,True,True,True,False
Rat_education_Debra,Rat,USA,Education,4784.5,False,0.9924588665447898,98.15,2.248546102903718,0.5043329641553346,True,True,True,True,True,False
Rat_public_Roberta,Rat,USA,Public services,1010.1,False,0.9942870201096892,13.18,1.9779969650986344,0.6942958315648567,True,True,False,True,False,False
Rat_education_Mac,Rat,USA,Education,6108.5,False,0.0695460085313833,127.76,2.4517532874139008,-0.4238225985727775,True,False,True,False,False,False
Rat_public_Lynda,Rat,USA,Public services,467.6,False,0.9960390006093846,10.7,1.9158878504672898,0.6779513566845147,True,True,False,True,False,False
Rat_assembly_Jennie,Rat,USA,Entertainment/public assembly,192.0,False,0.98088056063376,2.6,3.815384615384615,0.27834333735249234,True,True,False,True,False,False
Rat_public_Ramon,Rat,USA,Public services,2043.9,False,0.9958866544789763,28.2,2.3705000000000007,0.04536274103725943,True,True,False,True,False,False
Rat_education_Lonnie,Rat,USA,Education,4645.2,False,0.9941346739792809,46.83,3.3694213111253477,0.4924893122736094,True,True,True,True,True,False
Rat_assembly_Gerald,Rat,USA,Entertainment/public assembly,615.5,False,0.9913162705667276,3.08,6.051948051948052,-0.03876978898479423,True,True,False,False,False,False
Rat_education_Kandice,Rat,USA,Education,9643.3,False,0.9974101157830592,90.35,1.602885445489762,-0.20708695464813295,True,True,True,False,False,True
Rat_education_Barbara,Rat,USA,Education,20903.2,False,0.9335009140767825,1.8,1.8777777777777778,-0.372336849081798,True,False,False,False,False,False
Rat_assembly_Trudy,Rat,USA,Entertainment/public assembly,1917.9,False,0.9942870201096892,31.54,2.966011414077361,0.42034962983415275,True,True,False,True,False,False
Rat_public_Sean,Rat,USA,Public services,7297.5,False,0.9961151736745887,18.33,2.860469176213857,-0.7679093361141976,True,True,False,False,False,False
Rat_office_Jeannie,Rat,USA,Office,1495.6,False,0.9961151736745887,41.89,2.6188398185724506,-0.056838106823239254,True,True,True,False,False,True
Rat_office_Craig,Rat,USA,Office,9754.8,False,0.9906307129798904,208.93,1.7747532666443304,0.7209519362848289,True,True,True,True,True,False
Rat_public_Leo,Rat,USA,Public services,1217.0,False,0.9969530773918343,17.935000000000002,1.630331753554502,0.38138285480899464,True,True,False,True,False,False
Rat_education_Dreama,Rat,USA,Education,9801.3,False,0.9997714808043876,94.51,1.4290043381652742,0.12914431031578325,True,True,True,True,True,False
Rat_public_Clyde,Rat,USA,Public services,1478.4,False,0.9948202315661182,33.65,1.8284517087667156,-0.46759888179686776,True,True,False,False,False,False
Rat_education_Renee,Rat,USA,Education,3445.1,False,0.9961151736745887,34.07,1.9138479600821834,0.6829197753815252,True,True,False,True,False,False
Rat_education_Nellie,Rat,USA,Education,26217.2,False,0.9974101157830592,394.695,2.13643294189184,0.3969617170436198,True,True,True,True,True,False
Rat_assembly_Deandre,Rat,USA,Entertainment/public assembly,1106.5,False,0.9961151736745887,27.66,1.8785972523499634,0.6463636506763292,True,True,False,True,False,False
Rat_education_Winnie,Rat,USA,Education,5499.9,False,0.9942870201096892,46.44,2.8989836347975877,0.26473023805319973,True,True,True,True,True,False
Rat_assembly_Monica,Rat,USA,Entertainment/public assembly,4231.5,False,0.9924588665447898,61.48,1.8859791802212102,0.0018731761247237804,True,True,True,True,True,False
Rat_education_Kelsey,Rat,USA,Education,9227.6,False,0.9979433272394881,152.29,1.744040974456629,0.32025825060038493,True,True,True,True,True,False
Rat_education_Leonardo,Rat,USA,Education,4385.0,False,0.9942870201096892,39.67,2.719132845979326,0.5335881219378185,True,True,False,True,False,False
Rat_assembly_Victorina,Rat,USA,Entertainment/public assembly,291.1,False,0.9698354661791591,1.2,4.333333333333334,0.5579823958693232,True,False,False,True,False,False
Rat_education_Rosalyn,Rat,USA,Education,6038.7,False,0.9979433272394881,70.35,1.8652452025586355,0.03220583999931522,True,True,True,True,True,False
Rat_education_Theo,Rat,USA,Education,26830.4,False,0.9997714808043876,598.94,2.3720466156877147,0.2353741615867007,True,True,True,True,True,False
Rat_education_Marcos,Rat,USA,Education,8398.4,False,0.9906307129798904,407.07,1.5032805168644203,0.2026546567907102,True,True,True,True,True,False
Rat_education_Earnest,Rat,USA,Education,5564.9,False,0.9942870201096892,52.1,2.4944261036468327,0.48410294218416594,True,True,True,True,True,False
Rat_education_Eleonora,Rat,USA,Education,10683.8,False,0.6231718464351006,194.15,2.6824105073396853,0.6471614853008545,True,False,True,True,False,False
Rat_education_Zina,Rat,USA,Education,5304.8,False,0.9942870201096892,35.63,4.014268874543923,0.3831704648151029,True,True,False,True,False,False
Rat_office_Lora,Rat,USA,Office,21274.8,False,0.997867154174284,341.255,2.5482770948411018,0.0759702396385792,True,True,True,True,True,False
Rat_education_Elisa,Rat,USA,Education,3994.8,False,0.9979433272394881,29.52,3.776761517615176,0.36444595408897335,True,True,False,True,False,False
Rat_assembly_Teddy,Rat,USA,Entertainment/public assembly,2074.9,False,0.9961151736745887,86.65,1.5974010386612807,-0.4010342880261784,True,True,True,False,False,True
Rat_assembly_Aisha,Rat,USA,Entertainment/public assembly,2211.4,False,0.9922303473491774,78.44,2.197475777664457,-0.4945936447096614,True,True,True,False,False,True
Rat_education_Francisca,Rat,USA,Education,6605.4,False,0.9961151736745887,14.09,6.951738821859475,0.327477440669109,True,True,False,True,False,False
Rat_assembly_Lillie,Rat,USA,Entertainment/public assembly,171.2,False,0.9971054235222425,6.245,9.775996797437951,-0.2692326945206551,True,True,False,False,False,False
Rat_education_Mavis,Rat,USA,Education,14678.7,False,0.6249238269347959,163.41,2.5820886114680865,0.6891649896201617,True,False,True,True,False,False
Rat_lodging_Dwight,Rat,USA,Lodging/residential,1432.6,False,0.9974862888482633,20.12,3.479125248508946,-0.7308113473127505,True,True,False,False,False,False
Rat_public_Margart,Rat,USA,Public services,2043.9,False,0.9961151736745887,38.69,2.360558283794262,0.5186398111844501,True,True,False,True,False,False
Rat_education_Penny,Rat,USA,Education,7014.2,False,0.48438452163315054,152.22,2.073200630666141,0.5306340869334758,True,False,True,True,False,False
Rat_education_Paula,Rat,USA,Education,7200.0,False,0.9942870201096892,122.59,1.754260543274329,-0.12142838620961958,True,True,True,False,False,True
Rat_lodging_Lakisha,Rat,USA,Lodging/residential,673.5,False,0.7700335161486899,0.12,29.666666666666668,-0.3286912863597286,True,False,False,False,False,False
Rat_assembly_Teodoro,Rat,USA,Entertainment/public assembly,1645.2,False,0.9932205971968312,29.94,1.9749498997995991,0.4497595823469751,True,True,False,True,False,False
Rat_education_Earl,Rat,USA,Education,7051.3,False,0.992078001218769,151.685,1.9149817055081257,0.6740911009934697,True,True,True,True,True,False
Rat_education_Veronica,Rat,USA,Education,14307.1,False,0.29250457038391225,149.84,3.588519754404698,0.42577035211668884,True,False,True,True,False,False
Rat_public_Kelly,Rat,USA,Public services,982.6,False,0.9924588665447898,19.59,1.632322613578356,0.5599282451303397,True,True,False,True,False,False
Rat_public_Mabel,Rat,USA,Public services,4189.7,False,0.994210847044485,88.45,1.7968275862068963,0.6861669482602063,True,True,True,True,True,False
Rat_education_Nydia,Rat,USA,Education,7785.3,False,0.9955819622181596,147.055,2.0621828567542737,-0.164917957869625,True,True,True,False,False,True
Rat_education_Fernando,Rat,USA,Education,5472.7,False,0.994210847044485,50.4,2.8051884920634906,0.4327635611904305,True,True,True,True,True,False
Rat_education_Pat,Rat,USA,Education,13461.6,False,0.9903260207190737,191.97,2.976090014064698,0.12928380149164317,True,True,True,True,True,False
Rat_education_Milagros,Rat,USA,Education,9262.4,False,0.9976386349786716,97.95,2.458041858090861,0.582271975376912,True,True,True,True,True,False
Rat_education_Barney,Rat,USA,Education,7200.0,False,0.9940585009140768,26.985,2.481793589030944,-0.5189449231992846,True,True,False,False,False,False
Rat_education_Dann,Rat,USA,Education,16954.8,False,0.9961151736745887,172.32,1.7685677808727946,0.6508166898271928,True,True,True,True,True,False
Rat_public_Julieann,Rat,USA,Public services,402.8,False,0.9953534430225472,1.24,10.381774193548388,0.573637851313539,True,True,False,True,False,False
Rat_lodging_Ted,Rat,USA,Lodging/residential,185.8,False,0.9728062157221207,1.6,5.1,0.6373331169480136,True,True,False,True,False,False
Rat_education_Royal,Rat,USA,Education,7218.6,False,0.9961151736745887,67.57,1.829456859553056,0.48497533364738876,True,True,True,True,True,False
Rat_public_Tammara,Rat,USA,Public services,457.5,False,0.997867154174284,5.8149999999999995,3.891693895098883,0.6255109371896392,True,True,False,True,False,False
Rat_education_Bryant,Rat,USA,Education,6466.0,False,0.9930682510664229,53.67,1.6076020122973729,0.03996401456126324,True,True,True,True,True,False
Rat_public_Damon,Rat,USA,Public services,1228.5,False,0.992078001218769,16.99,2.0476751030017657,0.7933809951557677,True,True,False,True,False,False
Rat_public_Amber,Rat,USA,Public services,1985.2,False,0.9961151736745887,9.62,2.8692723492723493,0.1775150573715887,True,True,False,True,False,False
Rat_education_Cinthia,Rat,USA,Education,6438.2,False,0.8492535039609994,28.77,4.319179701077517,-0.016215156104231628,True,False,False,False,False,False
Rat_education_Lynn,Rat,USA,Education,7785.3,False,0.9961151736745887,104.25,1.9048633093525174,-0.26338257734753706,True,True,True,False,False,True
Rat_health_Guy,Rat,USA,Healthcare,76141.2,False,0.9961151736745887,1421.76,1.458852126941256,0.3220149349064944,True,True,False,True,False,False
Rat_public_Carole,Rat,USA,Public services,923.5,False,0.9948202315661182,16.95,2.0780117994100293,0.5742457856880212,True,True,False,True,False,False
Rat_assembly_Kimberley,Rat,USA,Entertainment/public assembly,1912.3,False,0.9979433272394881,63.81,1.909105155931672,0.6876735855995079,True,True,True,True,True,False
Rat_retail_Jeffrey,Rat,USA,Retail,1532.9,False,0.9979433272394881,61.47,2.9739710427850987,0.6641196744248979,True,True,True,True,True,False
Rat_public_Joann,Rat,USA,Public services,597.5,False,0.9979433272394881,16.74,1.7939068100358426,0.6037559333939458,True,True,False,True,False,False
Rat_assembly_Adolfo,Rat,USA,Entertainment/public assembly,1482.7,False,0.9979433272394881,32.38,2.652872143298332,0.21323151395974987,True,True,False,True,False,False
Rat_assembly_Pam,Rat,USA,Entertainment/public assembly,516.0,False,0.9968769043266301,4.05,8.99753086419753,0.5812504655055472,True,True,False,True,False,False
Rat_education_Meghan,Rat,USA,Education,4561.5,False,0.997867154174284,45.754999999999995,2.9478789203365756,0.5127834445640638,True,True,True,True,True,False
Rat_education_Ulrike,Rat,USA,Education,4318.5,False,0.9961151736745887,101.39,1.809965479830358,-0.0801189427412586,True,True,True,False,False,True
Rat_lodging_Ben,Rat,USA,Lodging/residential,32516.0,False,0.9926873857404022,281.5,2.0975097690941387,0.7949546034689398,True,True,True,True,True,False
Rat_office_Colby,Rat,USA,Office,79000.4,False,0.9997714808043876,2111.49,1.2937728334020056,0.1741800484737562,True,True,False,True,False,False
Rat_office_Chris,Rat,USA,Office,54437.0,False,0.8497867154174285,780.99,1.8735796873199402,0.7574279107187973,True,False,True,True,False,False
Rat_public_Shanta,Rat,USA,Public services,1161.8,False,0.9924588665447898,8.84,2.9592760180995477,0.742488088600817,True,True,False,True,False,False
Rat_public_Fern,Rat,USA,Public services,3274.0,False,0.9871267519804997,39.82,1.9281366147664492,0.6823940157654824,True,True,False,True,False,False
Rat_assembly_Michel,Rat,USA,Entertainment/public assembly,713.0,False,0.9979433272394881,9.0,3.994444444444445,0.6771953009559057,True,True,False,True,False,False
Rat_education_Sherwood,Rat,USA,Education,8835.1,False,0.9924588665447898,91.38,2.2441278179032595,0.5972417717348159,True,True,True,True,True,False
Rat_assembly_Silvia,Rat,USA,Entertainment/public assembly,172.6,False,0.9961151736745887,9.63,3.459231568016614,-0.09907247462254007,True,True,False,False,False,False
Rat_education_Carmela,Rat,USA,Education,4457.9,False,0.994210847044485,68.91,2.684661152227543,0.13840213503154292,True,True,True,True,True,False
Rat_education_Chance,Rat,USA,Education,5592.8,False,0.08782754418037782,50.47,3.2542024965325935,0.3054171427106601,True,False,True,True,False,False
Rat_warehouse_Shari,Rat,USA,Warehouse/storage,2537.9,False,0.9924588665447898,39.74,2.67568193256165,0.6432989684296786,True,True,False,True,False,False
Rat_office_Tracy,Rat,USA,Office,1275.4,False,0.9952772699573431,20.46,1.6472873900293257,0.388433213355252,True,True,False,True,False,False
Rat_public_Faye,Rat,USA,Public services,1712.4,False,0.9924588665447898,26.67,2.555680539932508,0.6150125389345077,True,True,False,True,False,False
Rat_assembly_Francine,Rat,USA,Entertainment/public assembly,1603.7,False,0.9935252894576477,39.77,1.9504400301734974,0.3699377807971543,True,True,False,True,False,False
Rat_education_Willie,Rat,USA,Education,9680.5,False,0.9942870201096892,201.81,2.6829869679401415,0.5680914279572923,True,True,True,True,True,False
Rat_public_Sharron,Rat,USA,Public services,2862.3,False,0.9979433272394881,42.71,1.4216811051276048,-0.25406612426727904,True,True,True,False,False,True
Rat_education_Jacob,Rat,USA,Education,5310.8,False,0.9942870201096892,58.17,1.5762420491662368,-0.3920665264652012,True,True,True,False,False,True
Rat_office_Kasey,Rat,USA,Office,3195.9,False,0.9961151736745887,81.94,2.244993897974127,0.10247504559162339,True,True,True,True,True,False
Rat_education_Davis,Rat,USA,Education,8092.5,False,0.9924588665447898,72.31,2.212285990872631,0.5329449191764927,True,True,True,True,True,False
Rat_education_Mona,Rat,USA,Education,4923.9,False,0.9961151736745887,75.24,1.970754917597023,0.15944302539995991,True,True,True,True,True,False
Rat_education_Marvin,Rat,USA,Education,5518.4,False,0.9948202315661182,41.215,3.1098580613854168,0.4045788119895358,True,True,True,True,True,False
Rat_assembly_Trent,Rat,USA,Entertainment/public assembly,329.3,False,0.995810481413772,22.0,2.0443454545454554,0.2763612732813417,True,True,False,True,False,False
Rat_public_Nancy,Rat,USA,Public services,829.2,False,0.9936776355880561,17.78,1.6985376827896512,0.4418796171611402,True,True,False,True,False,False
Rat_public_Toya,Rat,USA,Public services,1557.8,False,0.9961151736745887,23.7,2.7792067510548524,-0.11233737852188856,True,True,False,False,False,False
Rat_public_Lloyd,Rat,USA,Public services,5022.4,False,0.9942870201096892,62.55,2.206292565947242,0.7183361971625859,True,True,True,True,True,False
Rat_education_Shellie,Rat,USA,Education,5778.6,False,0.9961151736745887,59.88,2.3593186372745487,0.6761051214392089,True,True,True,True,True,False
Rat_education_Terese,Rat,USA,Education,16722.5,False,0.9967245581962219,101.79,2.2869947932016896,0.49727843209985695,True,True,True,True,True,False
Rat_public_Angelina,Rat,USA,Public services,1794.4,False,0.9961151736745887,26.65,2.069508442776735,0.7180487288336911,True,True,False,True,False,False
Rat_assembly_Cristina,Rat,USA,Entertainment/public assembly,1176.2,False,0.9974101157830592,36.4,4.176214285714285,0.40772614460225914,True,True,False,True,False,False
Rat_public_Darren,Rat,USA,Public services,261.8,False,0.9955819622181596,4.61,1.1995661605206074,-0.23674733621926994,True,True,False,False,False,False
Rat_education_Jeanne,Rat,USA,Education,4598.7,False,0.3618220597196831,46.15,2.0861386782231857,0.21083529458568562,True,False,True,True,False,False
Rat_public_Wilbur,Rat,USA,Public services,537.3,False,0.9939823278488726,174.0,1.4265586206896554,0.5748441233458366,True,True,True,True,True,False
Rat_education_Stuart,Rat,USA,Education,7636.6,False,0.9942870201096892,45.17,2.4292495018817792,-0.20655574518550082,True,True,True,False,False,True
Rat_assembly_Erwin,Rat,USA,Entertainment/public assembly,218.0,False,0.9961151736745887,9.81,4.398817533129459,0.34914416804967785,True,True,False,True,False,False
Rat_education_Alyson,Rat,USA,Education,15561.3,False,0.7421541742839732,46.6,1.973390557939914,-0.6743461448634794,True,False,True,False,False,False
Rat_education_Kathryn,Rat,USA,Education,30213.6,False,0.9997714808043876,519.24,1.9368153455049688,0.09837370870477376,True,True,True,True,True,False
Rat_assembly_Damaris,Rat,USA,Entertainment/public assembly,1495.6,False,0.994210847044485,4.98,1.6596184738955817,-0.5775388182372,True,True,False,False,False,False
Rat_education_Donnell,Rat,USA,Education,7413.7,False,0.7019347958561852,39.15,6.378528735632188,-0.333395725561842,True,False,False,False,False,False
Rat_education_Candida,Rat,USA,Education,3576.8,False,0.9961151736745887,132.55,1.8792817804602027,-0.2400062657686676,True,True,True,False,False,True
Rat_education_Adrian,Rat,USA,Education,5956.3,False,0.9924588665447898,63.01,2.883466116489446,0.6282955836827941,True,True,True,True,True,False
Rat_assembly_Aubrey,Rat,USA,Entertainment/public assembly,570.3,False,0.9972577696526508,14.97,3.3901736806947227,0.28813322676558156,True,True,False,True,False,False
Rat_education_Mose,Rat,USA,Education,10219.3,False,0.995810481413772,69.4,2.797780979827091,0.5671571219476338,True,True,True,True,True,False
Rat_assembly_Myrna,Rat,USA,Entertainment/public assembly,223.6,False,0.5350396099939062,7.13,2.136044880785414,0.33023299109327464,True,False,False,True,False,False
Rat_warehouse_Maegan,Rat,USA,Warehouse/storage,1378.6,False,0.9350243753808654,6.81,1.8575624082232014,-0.6228773256547043,True,False,False,False,False,False
Rat_assembly_Viola,Rat,USA,Entertainment/public assembly,3380.5,False,0.9977909811090798,44.42,2.652669968482666,0.7261219294043418,True,True,True,True,True,False
Rat_education_Jesse,Rat,USA,Education,3839.6,False,0.9979433272394881,29.16,2.152949245541838,0.39705923352807887,True,True,False,True,False,False
Rat_education_Tristan,Rat,USA,Education,10228.6,False,0.9961151736745887,28.11,2.567057986481679,-0.3775462949534402,True,True,False,False,False,False
Rat_public_Deidre,Rat,USA,Public services,657.7,False,0.9979433272394881,8.1,1.974074074074074,0.45113761502191346,True,True,False,True,False,False
Rat_education_Maricela,Rat,USA,Education,6466.0,False,0.9932205971968312,123.4,2.270580226904375,0.5962461816459304,True,True,True,True,True,False
Rat_assembly_Mirta,Rat,USA,Entertainment/public assembly,8000.8,False,0.9977148080438757,156.28,2.076947786025084,0.5504157816345342,True,True,True,True,True,False
Rat_education_Nona,Rat,USA,Education,25204.6,False,0.9941346739792809,84.05,2.8318262938726946,0.25270690023497633,True,True,True,True,True,False
Rat_public_Angle,Rat,USA,Public services,7562.0,False,0.21930225472273004,350.55,1.5938924547140196,0.6118838615788812,True,False,True,True,False,False
Rat_assembly_Jamie,Rat,USA,Entertainment/public assembly,1047.4,False,0.994210847044485,23.884999999999998,4.008997278626754,-0.5945746554124877,True,True,False,False,False,False
Rat_public_Allie,Rat,USA,Public services,810.7,False,0.997867154174284,9.63,2.4641744548286604,0.7959526429019802,True,True,False,True,False,False
Rat_assembly_Pauline,Rat,USA,Entertainment/public assembly,90.0,False,0.9705971968312005,1.28,6.531249999999999,0.5104839171946588,True,True,False,True,False,False
Rat_public_Jason,Rat,USA,Public services,3021.9,False,0.9961151736745887,23.59,2.209834675710047,0.3469438220720107,True,True,False,True,False,False
Rat_warehouse_Eloisa,Rat,USA,Warehouse/storage,18843.4,False,0.9979433272394881,124.27,2.187012150961616,0.13097900625380432,True,True,True,True,True,False
Rat_education_Keith,Rat,USA,Education,9420.4,False,0.9979433272394881,101.06,1.9151988917474767,-0.09615297030069571,True,True,True,False,False,True
Rat_public_Neil,Rat,USA,Public services,1325.6,False,0.996800731261426,17.96,3.8763641425389723,0.6111853108195493,True,True,False,True,False,False
Rat_assembly_Alex,Rat,USA,Entertainment/public assembly,129.7,False,0.9851462522851919,5.51,3.135535390199638,-0.7337608237516491,True,True,False,False,False,False
Rat_education_Romana,Rat,USA,Education,4403.6,False,0.5995581962218159,35.43,2.763815975162293,0.19657553984550377,True,False,False,True,False,False
Rat_public_Laverne,Rat,USA,Public services,1108.7,False,0.996267519804997,11.63,2.0687876182287184,0.6191577393862865,True,True,False,True,False,False
Rat_public_Sharonda,Rat,USA,Public services,2222.1,False,0.9977909811090798,35.63,2.111153522312658,0.4522082044325296,True,True,False,True,False,False
Rat_parking_Ronnie,Rat,USA,Parking,163.5,False,0.9956581352833638,15.34,2.761603650586701,-0.30826802529800734,True,True,False,False,False,False
Rat_public_Kimber,Rat,USA,Public services,9587.6,False,0.9997714808043876,249.98,2.830732058564687,0.4680305312029657,True,True,True,True,True,False
Rat_assembly_Kenya,Rat,USA,Entertainment/public assembly,2141.9,False,0.9975624619134674,60.75,2.165292181069958,-0.24112996639034667,True,True,True,False,False,True
Rat_education_Imelda,Rat,USA,Education,3669.7,False,0.9960390006093846,2.79,1.6845878136200718,-0.3212690688867275,True,True,False,False,False,False
Rat_office_Loyd,Rat,USA,Office,2779.3,False,0.9979433272394881,50.78,1.9612051988972037,0.13280091734637625,True,True,True,True,True,False
Rat_lodging_Ardell,Rat,USA,Lodging/residential,1446.9,False,0.9942870201096892,14.14,2.252107496463932,0.5862729201877934,True,True,False,True,False,False
Rat_assembly_Kristy,Rat,USA,Entertainment/public assembly,1082.4,False,0.9979433272394881,30.62,4.235793598954931,-0.13455362909834895,True,True,False,False,False,False
Rat_public_Stella,Rat,USA,Public services,3396.7,False,0.9961151736745887,95.72,1.2907689093188466,0.11375044684258502,True,True,True,True,True,False
Rat_office_Randy,Rat,USA,Office,5779.0,False,0.9942870201096892,101.62,1.8674945876795905,0.5635110873454567,True,True,True,True,True,False
Rat_public_Michelle,Rat,USA,Public services,3254.7,False,0.9955057891529555,52.92,3.0231594860166284,0.04305157465934681,True,True,True,True,True,False
Rat_public_Mark,Rat,USA,Public services,303.5,False,0.9971054235222425,24.61,2.48037789516457,-0.38459246349584786,True,True,False,False,False,False
Rat_education_Dana,Rat,USA,Education,6577.5,False,0.9979433272394881,91.18,2.079184031585874,0.681822283563692,True,True,True,True,True,False
Rat_education_Brett,Rat,USA,Education,10126.4,False,0.9953534430225472,70.58,2.7789288750354206,0.2170423552839319,True,True,True,True,True,False
Rat_public_Fredrick,Rat,USA,Public services,1202.6,False,0.9979433272394881,7.82,3.5179028132992327,-0.5058208663628655,True,True,False,False,False,False
Rat_education_Jena,Rat,USA,Education,3804.4,False,0.9942870201096892,141.13,2.294253525118685,0.2969099364023322,True,True,True,True,True,False
Rat_public_Loretta,Rat,USA,Public services,4087.0,False,0.9942870201096892,206.53,1.7814864668571146,0.6693781797441445,True,True,True,True,True,False
Rat_public_Roma,Rat,USA,Public services,1994.8,False,0.9959628275441804,52.43,2.334739652870494,0.36017811139161876,True,True,True,True,True,False
Rat_office_Jessica,Rat,USA,Office,30542.8,False,0.9921541742839732,719.74,1.352899658209909,0.22828128113314106,True,True,True,True,True,False
Rat_lodging_Marguerite,Rat,USA,Lodging/residential,1703.8,False,0.9905545399146861,19.56,2.617868098159504,0.07801748792822655,True,True,False,True,False,False
Rat_education_Lincoln,Rat,USA,Education,10857.8,False,0.9939061547836685,144.15,2.5046146375303517,0.5431614658167371,True,True,True,True,True,False
Rat_assembly_Rosemarie,Rat,USA,Entertainment/public assembly,465.7,False,0.9919256550883607,10.58,2.429858223062381,0.4808263929519211,True,True,False,True,False,False
Rat_education_Morton,Rat,USA,Education,14409.3,False,0.9979433272394881,135.42,2.3743169398907105,0.6590032808765849,True,True,True,True,True,False
Rat_public_Corinne,Rat,USA,Public services,2311.0,False,0.9961151736745887,19.12,2.6433054393305437,0.7221065454575293,True,True,False,True,False,False
Rat_public_Isabel,Rat,USA,Public services,1540.0,False,0.9979433272394881,51.63,1.8032151849699785,0.7219110654050211,True,True,True,True,True,False
Rat_health_Tanya,Rat,USA,Healthcare,2712.0,False,0.9979433272394881,51.74,2.0013529184383456,0.5627710880443256,True,True,True,True,True,False
Rat_public_Frederick,Rat,USA,Public services,1312.3,False,0.9937538086532602,16.47,2.024074074074073,0.6581414444136281,True,True,False,True,False,False
Rat_education_Guillermo,Rat,USA,Education,7404.4,False,0.9939823278488726,103.69,1.665236763429456,0.30565656265132146,True,True,True,True,True,False
Rat_assembly_Horace,Rat,USA,Entertainment/public assembly,426.3,False,0.9961151736745887,20.23,3.618012852199703,-0.20394851552333682,True,True,False,False,False,False
Rat_assembly_Frieda,Rat,USA,Entertainment/public assembly,3413.6,False,0.9942870201096892,114.03,2.2508953784091905,0.7181173645123542,True,True,True,True,True,False
Rat_public_Courtney,Rat,USA,Public services,1665.5,False,0.994210847044485,28.365000000000002,2.3712251013573065,0.6899634501851954,True,True,False,True,False,False
Rat_education_Zoe,Rat,USA,Education,6447.5,False,0.9961151736745887,88.36,1.9777863286555,0.17336305953130715,True,True,True,True,True,False
Rat_public_Tommy,Rat,USA,Public services,857.1,False,0.994210847044485,15.29,1.6595748855461085,0.7665231707366992,True,True,False,True,False,False
Rat_public_Kermit,Rat,USA,Public services,2322.6,False,0.9942870201096892,19.32,2.5056728778467905,0.4354254886949815,True,True,False,True,False,False
Rat_public_Becky,Rat,USA,Public services,911.9,False,0.994210847044485,17.61,2.251839863713799,0.6722078519213531,True,True,False,True,False,False
Rat_office_Annis,Rat,USA,Office,594.6,False,0.9961151736745887,28.59,2.2255054214760404,0.7395034445022636,True,True,False,True,False,False
Rat_assembly_Don,Rat,USA,Entertainment/public assembly,183.7,False,0.5391529555149299,6.65,3.55661654135338,0.5672869820074768,True,False,False,True,False,False
Rat_public_Percy,Rat,USA,Public services,3945.6,False,0.423750761730652,6.91,2.0231548480463095,-0.7127745907355068,True,False,False,False,False,False
Rat_public_Emilee,Rat,USA,Public services,2090.3,False,0.9942870201096892,34.39,2.8704972375690585,0.5520825387742456,True,True,False,True,False,False
Rat_public_Caroline,Rat,USA,Public services,4407.2,False,0.997867154174284,125.065,1.970096349898053,0.7176958514763238,True,True,True,True,True,False
Rat_office_Arron,Rat,USA,Office,3716.1,False,0.9961151736745887,57.59,2.080923771488105,0.6219589001009844,True,True,True,True,True,False
Rat_public_Norene,Rat,USA,Public services,1211.8,False,0.9020414381474711,24.53,1.680705258866694,0.3747426636193265,True,False,False,True,False,False
Rat_public_Yetta,Rat,USA,Public services,1980.5,False,0.6007769652650823,17.47,2.1591299370349173,0.3860545575457814,True,False,False,True,False,False
Rat_public_Michael,Rat,USA,Public services,2287.1,False,0.9924588665447898,41.6,1.8264134615384606,0.6357221902436312,True,True,True,True,True,False
Rat_education_Roxanne,Rat,USA,Education,15115.3,False,0.49695307739183425,443.90999999999997,2.2303433128336825,-0.49312296162150915,True,False,True,False,False,False
Rat_education_Patty,Rat,USA,Education,15793.5,False,0.9942870201096892,147.09,2.2542062682711244,0.44655774748802235,True,True,True,True,True,False
Rat_education_Liz,Rat,USA,Education,6447.5,False,0.9961151736745887,77.93,3.0708841267804434,0.06624197714774428,True,True,True,True,True,False
Rat_public_Josiah,Rat,USA,Public services,4274.2,False,0.9961151736745887,80.78,2.1919683089873727,0.5276014613358657,True,True,True,True,True,False
Rat_public_Leta,Rat,USA,Public services,943.1,False,0.997867154174284,15.16,2.071906332453826,0.7146250067338931,True,True,False,True,False,False
Rat_office_Avis,Rat,USA,Office,44099.2,False,0.9881931748933577,871.63,2.356458589080229,-0.4727264716186984,True,True,False,False,False,False
Rat_assembly_Donny,Rat,USA,Entertainment/public assembly,102.4,False,0.9856032906764168,1.84,4.535217391304325,0.255493678541657,True,True,False,True,False,False
Rat_public_Sade,Rat,USA,Public services,2006.7,False,0.994210847044485,27.64,2.0197141823444285,0.7238778712756208,True,True,False,True,False,False
Rat_lodging_Christine,Rat,USA,Lodging/residential,2906.3,False,0.9961151736745887,55.04,2.2735247093023254,0.7555103567131689,True,True,True,True,True,False
Rat_public_Johnna,Rat,USA,Public services,1465.5,False,0.9961151736745887,23.34,4.320634104541558,-0.7211365729538719,True,True,False,False,False,False
Rat_public_Berry,Rat,USA,Public services,4083.6,False,0.9961151736745887,92.02,1.5198522060421646,0.7284692514216882,True,True,True,True,True,False
Rat_office_Rosemary,Rat,USA,Office,2787.1,False,0.9960390006093846,15.03,2.3632734530938126,0.21214669845462394,True,True,False,True,False,False
Rat_education_Adell,Rat,USA,Education,9689.2,False,0.994210847044485,120.505,2.961491224430522,0.2327250945315164,True,True,True,True,True,False
Rat_education_Beverly,Rat,USA,Education,36603.8,False,0.9997714808043876,623.4,2.6088328521013797,0.1541194938129341,True,True,True,True,True,False
Rat_education_Alfred,Rat,USA,Education,19230.9,False,0.9829372333942717,412.265,1.9070185438977358,0.18090599030389343,True,True,True,True,True,False
Rat_public_Allyson,Rat,USA,Public services,1672.3,False,0.9939061547836685,54.03,1.8275143438830281,-0.13714446344640693,True,True,True,False,False,True
Rat_public_Yessenia,Rat,USA,Public services,2043.9,False,0.9961151736745887,122.77,1.7396106540685836,0.40354279590674796,True,True,True,True,True,False
Rat_education_Everett,Rat,USA,Education,8024.5,False,0.9960390006093846,176.815,1.791222464157453,0.13028873066840027,True,True,True,True,True,False
Rat_education_Edmund,Rat,USA,Education,6187.3,False,0.46427483241925654,42.8,3.2341028037383195,-0.039398312775678734,True,False,True,False,False,False
Rat_education_Esther,Rat,USA,Education,6466.0,False,0.9960390006093846,91.93,1.950614598063744,0.17889995043388646,True,True,True,True,True,False
Rat_education_Alonzo,Rat,USA,Education,6015.5,False,0.27056672760511885,128.14,2.229046355548619,0.0849225655431658,True,False,True,True,False,False
Rat_education_Matt,Rat,USA,Education,10405.1,False,0.7348415600243754,146.91,2.0485140562248985,0.5351230768712861,True,False,True,True,False,False
Rat_education_Alfonso,Rat,USA,Education,7900.4,False,0.994210847044485,383.255,1.81858579796741,0.35335476367493884,True,True,True,True,True,False
Rat_education_Robyn,Rat,USA,Education,9188.1,False,0.9979433272394881,131.59,2.2897636598525724,0.7311962850295591,True,True,True,True,True,False
Rat_education_Verna,Rat,USA,Education,6187.3,False,0.9942870201096892,75.41,2.3507014984750025,0.4722110194002022,True,True,True,True,True,False
Rat_education_Vicky,Rat,USA,Education,18004.6,False,0.9743296770262035,174.02,1.7614354671876793,0.3634070989769711,True,True,True,True,True,False
Rat_education_Lee,Rat,USA,Education,26291.5,False,0.9997714808043876,371.4,1.7127237479806139,0.2795738548143963,True,True,True,True,True,False
Rat_education_Irma,Rat,USA,Education,6763.3,False,0.995810481413772,66.01,2.4014967429177396,0.48575019017654897,True,True,True,True,True,False
Rat_education_Abigail,Rat,USA,Education,8825.8,False,0.40493601462522855,113.91,2.03503204284084,0.476869339222138,True,False,True,True,False,False
Rat_education_Tim,Rat,USA,Education,4412.9,False,0.9971815965874467,54.78,2.5883716684921505,0.6181158845739522,True,True,True,True,True,False
Rat_public_Wilma,Rat,USA,Public services,1505.0,False,0.9960390006093846,54.415,1.7272810805843979,0.597994405853291,True,True,True,True,True,False
Rat_public_Dexter,Rat,USA,Public services,718.3,False,0.9924588665447898,12.47,1.810521251002405,0.18433680424818538,True,True,False,True,False,False
Rat_assembly_Ida,Rat,USA,Entertainment/public assembly,1378.9,False,0.9923826934795856,24.47,2.1684920310584372,0.3150641003677919,True,True,False,True,False,False
Rat_education_Elsie,Rat,USA,Education,34978.6,False,0.9958866544789763,18.925,41.3146472919419,0.17822525263751562,True,True,False,True,False,False
Rat_assembly_Karen,Rat,USA,Entertainment/public assembly,5852.9,False,0.6210390006093846,157.06,2.298301286132687,0.5273714409056889,True,False,True,True,False,False
Rat_education_Humberto,Rat,USA,Education,9288.0,False,0.9821755027422303,208.635,2.4522251779423394,0.24688333997700904,True,True,True,True,True,False
Rat_education_Cedric,Rat,USA,Education,6169.1,False,0.9979433272394881,89.06,1.816528183247249,0.13683166442740052,True,True,True,True,True,False
Rat_education_Willy,Rat,USA,Education,8138.3,False,0.6531840341255332,85.94,2.0959460088433794,0.4134360517273841,True,False,True,True,False,False
Rat_public_Tricia,Rat,USA,Public services,558.3,False,0.9979433272394881,34.76,2.463751438434983,-0.5693838256491779,True,True,False,False,False,False
Rat_other_Lan,Rat,USA,Other,999.8,False,0.982023156611822,13.15,1.4098859315589352,0.2517043160583166,True,True,False,True,False,False
Rat_warehouse_Doretta,Rat,USA,Warehouse/storage,10454.9,False,0.9979433272394881,153.19,1.6277824923297866,0.17302631243602554,True,True,True,True,True,False
Rat_warehouse_Breanna,Rat,USA,Warehouse/storage,4795.8,False,0.9961151736745887,103.55,1.217189763399324,-0.2694526664477627,True,True,True,False,False,True
Rat_other_Hazel,Rat,USA,Other,3195.9,False,0.9960390006093846,376.425,1.221617852161785,-0.04186269146135561,True,True,True,False,False,True
Rat_education_Cecil,Rat,USA,Education,5681.1,False,0.9924588665447898,51.3,2.319438596491228,0.6492389666383842,True,True,True,True,True,False
Rat_other_Daphne,Rat,USA,Other,10431.4,False,0.9955057891529555,10.22,2.79385518590998,-0.26807132224067826,True,True,False,False,False,False
Rat_other_Al,Rat,USA,Other,982.7,False,0.9929159049360147,54.41,2.0773093181400477,-0.5526274440145279,True,True,True,False,False,True
Rat_public_Frank,Rat,USA,Public services,425.6,False,0.9941346739792809,4.47,4.000000000000001,-0.4804951101295078,True,True,False,False,False,False
Rat_public_Grover,Rat,USA,Public services,1144.2,False,0.9961151736745887,15.97,1.7348027551659357,0.7447004679732973,True,True,False,True,False,False
Rat_lodging_Jeannette,Rat,USA,Lodging/residential,464.5,False,0.997867154174284,5.04,2.484206349206351,-0.5613359152739938,True,True,False,False,False,False
Rat_public_Duane,Rat,USA,Public services,10431.4,False,0.9979433272394881,57.89,3.788219036102954,-0.4307324834335,True,True,True,False,False,True
Rat_public_Laura,Rat,USA,Public services,1184.5,False,0.9864411943936624,12.215,2.2644453540728615,0.5365210784001835,True,True,False,True,False,False
Rat_education_Marianna,Rat,USA,Education,5936.5,False,0.9906307129798904,66.24,2.7738405797101415,0.5272745564259635,True,True,True,True,True,False
Rat_public_Vickie,Rat,USA,Public services,836.1,False,0.9975624619134674,24.785,5.389973774460358,-0.48915061116673864,True,True,False,False,False,False
Rat_lodging_Lucille,Rat,USA,Lodging/residential,205.3,False,0.7957038391224863,2.68,4.641791044776119,0.5998113439864793,True,False,False,True,False,False
Rat_public_Bronwyn,Rat,USA,Public services,51583.7,False,0.9906307129798904,425.64,1.6002255427121512,0.0414009303107363,True,True,True,True,True,False
Rat_public_Alanna,Rat,USA,Public services,42888.4,False,0.9907830591102986,1129.44,1.648144921376966,0.5558932364433773,True,True,False,True,False,False
Rat_office_Olivia,Rat,USA,Office,2564.1,False,0.9961151736745887,34.84,3.7580826636050504,0.3325319574263958,True,True,False,True,False,False
Rat_public_Kathleen,Rat,USA,Public services,1114.8,False,0.9867458866544789,26.28,2.3696385083713842,-0.1777347872875528,True,True,False,False,False,False
Rat_office_Mei,Rat,USA,Office,743.2,False,0.9738726386349786,20.53,1.7970384802727715,0.23937129139100755,True,True,False,True,False,False
Rat_assembly_Ruth,Rat,USA,Entertainment/public assembly,903.6,False,0.9953534430225472,3.67,5.068119891008175,0.5935807955409783,True,True,False,True,False,False
Rat_public_Laurie,Rat,USA,Public services,12459.6,False,0.9922303473491774,139.98,2.151200171453065,0.2930644461448489,True,True,True,True,True,False
Rat_public_Desiree,Rat,USA,Public services,841.9,False,0.995201096892139,12.45,1.6894457831325307,0.28335860625110826,True,True,False,True,False,False
Rat_public_Ulysses,Rat,USA,Public services,1152.8,False,0.0,,,,True,False,False,False,False,False
Rat_public_Johnny,Rat,USA,Public services,709.4,False,0.9961151736745887,21.72,1.4674217311233886,-0.4655616620771536,True,True,False,False,False,False
Rat_public_Tamra,Rat,USA,Public services,872.5,False,0.9942870201096892,19.65,1.6122137404580155,0.705601420970163,True,True,False,True,False,False
Rat_public_Elmira,Rat,USA,Public services,1035.2,False,0.7274527726995734,19.37,2.233350542075374,0.6851843711671235,True,False,False,True,False,False
Rat_public_Ramona,Rat,USA,Public services,1348.9,False,0.9959628275441804,24.4,1.9163934426229507,0.4400744920917111,True,True,False,True,False,False
Rat_public_Alexander,Rat,USA,Public services,2787.1,False,0.32030773918342476,131.79,1.3769147886789592,0.5284630876117963,True,False,True,True,False,False
Rat_public_Hortencia,Rat,USA,Public services,13378.0,False,0.9961151736745887,59.57,1.8004834648312906,0.2267860649618792,True,True,True,True,True,False
Rat_education_Susana,Rat,USA,Education,28056.7,False,0.7545703839122486,4.64,4.137931034482759,-0.16080917490270172,True,False,False,False,False,False
Rat_public_Marcellus,Rat,USA,Public services,6336.3,False,0.997867154174284,8.19,2.4969597069597076,0.5312480240110653,True,True,False,True,False,False
Rat_assembly_Rolland,Rat,USA,Entertainment/public assembly,662.7,False,0.9976386349786716,31.91,4.083384518959573,-0.010991234081482972,True,True,False,False,False,False
Rat_lodging_Marion,Rat,USA,Lodging/residential,1105.5,False,0.9918494820231566,35.24,2.2723041997729836,-0.5390615811446968,True,True,False,False,False,False
Rat_assembly_Kelley,Rat,USA,Entertainment/public assembly,83.4,False,0.992078001218769,2.24,3.5535714285714284,-0.42696486031390996,True,True,False,False,False,False
Rat_health_Rosaria,Rat,USA,Healthcare,1393.5,False,0.9959628275441804,28.51,2.3637460540161346,-0.11828563117760013,True,True,False,False,False,False
Rat_assembly_Suzanne,Rat,USA,Entertainment/public assembly,182.3,False,0.9916209628275442,2.44,3.210327868852458,0.3800418501181878,True,True,False,True,False,False
Rat_education_Dianne,Rat,USA,Education,6800.5,False,0.9272547227300426,142.51,1.5274100063153466,-0.2655432903369253,True,False,True,False,False,False
Rat_religion_Kathy,Rat,USA,Religious worship,929.0,False,0.9958866544789763,4.88,2.3956557377049217,0.17852207628070782,True,True,False,True,False,False
Rat_assembly_Gwen,Rat,USA,Entertainment/public assembly,136.8,False,0.9917733089579525,5.74,1.820226480836236,0.039621275268286876,True,True,False,True,False,False
Rat_education_Sina,Rat,USA,Education,8203.3,False,0.9924588665447898,157.44,1.8591310975609756,-0.19085071179040125,True,True,True,False,False,True
Rat_lodging_Lorenzo,Rat,USA,Lodging/residential,239.9,False,0.989411943936624,1.96,3.6938775510204085,0.6214233616163287,True,True,False,True,False,False
Rat_education_Deanna,Rat,USA,Education,6215.2,False,0.9979433272394881,79.55,1.939912005028284,0.6515791240185792,True,True,True,True,True,False
Rat_assembly_Archie,Rat,USA,Entertainment/public assembly,74.4,False,0.9917733089579525,2.52,2.888888888888889,0.1613841487463659,True,True,False,True,False,False
Rat_public_Lea,Rat,USA,Public services,10293.7,False,0.9593997562461913,66.97,1.4899387785575628,-0.19063767099249657,True,False,True,False,False,False
Rat_education_Yu,Rat,USA,Education,2034.9,False,0.9522394881170019,76.9,1.9088426527958384,-0.07718034163165109,True,False,True,False,False,False
Rat_public_Sana,Rat,USA,Public services,37161.2,False,0.9796617915904936,1189.44,1.5007667473769166,0.5678494748369968,True,True,False,True,False,False
Rat_health_Gaye,Rat,USA,Healthcare,2220.7,False,0.9961151736745887,34.7,2.224772334293948,0.5337590591283166,True,True,False,True,False,False
Rat_health_Mildred,Rat,USA,Healthcare,911.7,False,0.9961151736745887,16.48,2.4914563106796104,-0.12530383508199713,True,True,False,False,False,False
Rat_public_Helena,Rat,USA,Public services,1184.9,False,0.9935252894576477,22.56,2.145904255319149,-0.16897895916438732,True,True,False,False,False,False
Rat_public_Nelson,Rat,USA,Public services,1486.4,False,0.9942870201096892,42.55,1.881287896592244,-0.31163685778963907,True,True,True,False,False,True
Rat_office_Jacinta,Rat,USA,Office,2835.9,False,0.9923826934795856,203.60500000000002,1.5850499742147781,0.8138602706724543,True,True,True,True,True,False
Rat_public_Kelle,Rat,USA,Public services,1868.3,False,0.995810481413772,26.59,2.800451297480257,0.26775271889843905,True,True,False,True,False,False
Rat_education_Kristie,Rat,USA,Education,5778.6,False,0.11890615478366849,104.4,2.59316091954023,-0.030195474091250122,True,False,True,False,False,False
Rat_education_Jame,Rat,USA,Education,3511.7,False,0.9928397318708104,60.83,1.9596712148610884,-0.10702863194157648,True,True,True,False,False,True
Rat_assembly_Kaitlyn,Rat,USA,Entertainment/public assembly,2432.9,False,0.9942870201096892,89.91,2.068722055388722,0.5843208118032021,True,True,True,True,True,False
Rat_education_Gricelda,Rat,USA,Education,2081.0,False,0.6837294332723949,33.81,1.9767820171546877,0.22090810850690323,True,False,False,True,False,False
Rat_health_Shane,Rat,USA,Healthcare,41806.4,False,0.9923826934795856,1173.325,1.4709527198346575,0.4651950177890375,True,True,False,True,False,False
Rat_health_Ann,Rat,USA,Healthcare,7478.7,False,0.5190432663010359,69.88,3.3454994275901546,0.5048913572472958,True,False,True,True,False,False
Rat_public_Sue,Rat,USA,Public services,1765.2,False,0.9959628275441804,27.35,1.952833638025594,0.3526336017393388,True,True,False,True,False,False
Rat_office_Ramiro,Rat,USA,Office,8297.6,False,0.9924588665447898,32.83,2.284715199512641,0.5666790477868664,True,True,False,True,False,False
Rat_public_Maxine,Rat,USA,Public services,9519.4,False,0.7763558805606338,125.84,2.172483312142403,0.5683122868392392,True,False,True,True,False,False
Rat_education_Salvatore,Rat,USA,Education,4551.7,False,0.9961151736745887,69.35,2.2782177361211247,0.48649769461235715,True,True,True,True,True,False
Rat_office_Jill,Rat,USA,Office,31587.0,False,0.9888025594149908,462.13,3.705351308073486,0.02461778559208752,True,True,True,True,True,False
Rat_office_Jamal,Rat,USA,Office,27406.4,False,0.9997714808043876,752.64,3.1267107780612258,-0.02786280165623649,True,True,True,False,False,True
Rat_public_Andrea,Rat,USA,Public services,12792.7,False,0.5383912248628885,243.5,1.1678439425051335,0.35948933476113326,True,False,True,True,False,False
Rat_education_Tania,Rat,USA,Education,21832.2,False,0.9908592321755028,297.65,2.4767256845288097,0.11310365511426787,True,True,True,True,True,False
Rat_office_Sammy,Rat,USA,Office,2912.1,False,0.9979433272394881,48.21,2.3289773905828666,-0.0568274861602476,True,True,True,False,False,True
Rat_public_Stacey,Rat,USA,Public services,8297.6,False,0.9961151736745887,13.52,2.7523964497041415,0.6616356063770199,True,True,False,True,False,False
Bear_education_Yvette,Bear,USA,Education,1423.8,False,0.9996191346739792,9.5,2.3947368421052633,0.25170712818641494,True,True,False,True,False,False
Bear_education_Arnold,Bear,USA,Education,186.7,False,0.977224253503961,0.472,4.389915254237279,-0.015024565089056217,True,True,False,False,False,False
Bear_assembly_Danial,Bear,USA,Entertainment/public assembly,7680.3,False,0.5947592931139549,156.6645,1.5069459003156427,0.7182411459882281,True,False,True,True,False,False
Bear_education_Carlo,Bear,USA,Education,1314.6,False,0.5812766605728215,3.449,4.016555523340099,0.4023818114064882,True,False,False,True,False,False
Bear_education_Maryjane,Bear,USA,Education,7998.1,False,0.9998476538695917,297.5,1.56890756302521,0.7673469862085142,True,True,True,True,True,False
Bear_education_Owen,Bear,USA,Education,17949.0,False,0.999466788543571,177.984,1.4368932038834952,0.4073090931789787,True,True,True,True,True,False
Bear_education_Marta,Bear,USA,Education,4455.1,False,0.9998476538695917,35.75,2.5174825174825175,0.3757333635949498,True,True,False,True,False,False
Bear_education_Babara,Bear,USA,Education,8749.1,False,0.9921541742839732,366.7328,1.3053047014065828,0.6867184907425913,True,True,True,True,True,False
Bear_education_Herb,Bear,USA,Education,2212.5,False,0.9998476538695917,11.0175,2.2002359882005904,0.19842773757418852,True,True,False,True,False,False
Bear_education_Darrell,Bear,USA,Education,5234.4,False,0.9998476538695917,22.26735,4.185262278627676,0.3231814486330142,True,True,False,True,False,False
Bear_science_Eleanor,Bear,USA,Technology/science,3081.3,False,0.9987812309567337,30.125,2.409128630705394,0.636541976533674,True,True,False,True,False,False
Bear_education_Pattie,Bear,USA,Education,8032.9,False,0.9998476538695917,161.75,1.4590417310664605,0.38028112210580833,True,True,True,True,True,False
Bear_education_Wade,Bear,USA,Education,10552.8,False,0.9986288848263254,47.2,2.3008474576271185,0.059760165864409534,True,True,True,True,True,False
Bear_lodging_Erick,Bear,USA,Lodging/residential,6688.5,False,0.9998476538695917,46.3668,2.02433907451021,-0.6306689184743395,True,True,True,False,False,True
Bear_education_Holly,Bear,USA,Education,722.9,False,0.9939823278488726,1.051,3.097294005708852,-0.20948040986573446,True,True,False,False,False,False
Bear_education_Danna,Bear,USA,Education,9663.4,False,0.9998476538695917,90.5,2.1270718232044197,0.356057017719337,True,True,True,True,True,False
Bear_lodging_Dannie,Bear,USA,Lodging/residential,2137.9,False,0.9995429616087751,7.55,2.5925996026490066,-0.09244154513768366,True,True,False,False,False,False
Bear_education_Sandy,Bear,USA,Education,1351.0,False,0.9932967702620353,6.44,1.670807453416149,0.06822139781842837,True,True,False,True,False,False
Bear_education_Liliana,Bear,USA,Education,19143.0,False,0.859079829372334,491.25350000000003,1.383317000286003,0.604440285489848,True,False,True,True,False,False
Bear_education_Paola,Bear,USA,Education,12802.6,False,0.9998476538695917,127.92,2.28364602876798,0.41494893636215346,True,True,True,True,True,False
Bear_public_Lowell,Bear,USA,Public services,12299.8,False,0.9997714808043876,190.75,1.5701179554390563,0.5434841921656691,True,True,True,True,True,False
Bear_public_Rayna,Bear,USA,Public services,15469.7,False,0.9998476538695917,95.0125,2.385936061044599,0.40621172402027,True,True,True,True,True,False
Bear_science_Alison,Bear,USA,Technology/science,4945.6,False,0.9990097501523462,102.25,1.1907090464547678,0.4050581629903424,True,True,True,True,True,False
Bear_education_Austin,Bear,USA,Education,2031.4,False,0.9998476538695917,12.775,4.1521526418786685,0.2974006756578991,True,True,False,True,False,False
Bear_education_Bob,Bear,USA,Education,28360.3,False,0.9998476538695917,104.91865,2.255413360732339,0.33088509856265697,True,True,True,True,True,False
Bear_education_Deborah,Bear,USA,Education,791.2,False,0.541819012797075,1.5,2.480000000000018,-0.09642048327661662,True,False,False,False,False,False
Bear_assembly_Harry,Bear,USA,Entertainment/public assembly,5511.6,False,0.5382388787324802,15.99975,2.772406131345806,0.02418259504810649,True,False,False,True,False,False
Bear_education_Lorie,Bear,USA,Education,11212.8,False,0.9990859232175503,397.44,1.3333333333333333,0.5688305188039322,True,True,True,True,True,False
Bear_education_Nanette,Bear,USA,Education,6150.5,False,0.8779707495429616,111.96209999999999,1.8525034364307207,0.5463732078618466,True,False,True,True,False,False
Bear_education_Val,Bear,USA,Education,16469.9,False,0.9995429616087751,366.6725,1.3090524759833364,0.2219312943756051,True,True,True,True,True,False
Bear_education_Thuy,Bear,USA,Education,25122.2,False,0.9998476538695917,228.40075000000002,1.7851330391866052,0.4121986856586925,True,True,True,True,True,False
Bear_education_Deena,Bear,USA,Education,1716.3,False,0.9590188909201707,7.75,2.225806451612903,0.34478719999968144,True,False,False,True,False,False
Bear_public_Valorie,Bear,USA,Public services,17598.2,False,0.9998476538695917,216.0,1.5092592592592593,0.4718225305659668,True,True,True,True,True,False
Bear_public_Jocelyn,Bear,USA,Public services,6382.5,False,0.9998476538695917,43.99,1.7870396681063876,0.3397799091576052,True,True,True,True,True,False
Bear_education_Irene,Bear,USA,Education,2415.1,False,0.9998476538695917,75.5,2.433774834437086,0.07130633990479467,True,True,True,True,True,False
Bear_education_Curtis,Bear,USA,Education,4104.6,False,0.9977909811090798,66.5,1.4549624060150392,0.46257496533942966,True,True,True,True,True,False
Bear_assembly_Roxy,Bear,USA,Entertainment/public assembly,1106.5,False,0.9773004265691652,11.0,5.943863636363625,0.24757415987998732,True,True,False,True,False,False
Bear_assembly_Angel,Bear,USA,Entertainment/public assembly,22117.0,False,0.7659963436928702,529.99865,1.734183738015182,0.25129892378087715,True,False,True,True,False,False
Bear_public_Orville,Bear,USA,Public services,2700.0,False,0.9998476538695917,37.6,2.212101063829787,0.6733637926444817,True,True,False,True,False,False
Bear_education_Benjamin,Bear,USA,Education,786.2,False,0.38513101767215113,1.27625,3.0484818805093026,-0.3577662107604359,True,False,False,False,False,False
Bear_education_Marie,Bear,USA,Education,4739.9,False,0.9998476538695917,17.7075,3.116123111675843,0.2554870129628858,True,True,False,True,False,False
Bear_utility_Sidney,Bear,USA,Utility,2176.9,False,0.9972577696526508,51.58375,1.212265005936947,0.10600718861524196,True,True,True,True,True,False
Bear_education_Merrill,Bear,USA,Education,3235.3,False,0.7603595368677636,19.25,2.7532467532467533,0.4688039001896492,True,False,False,True,False,False
Bear_assembly_Ruby,Bear,USA,Entertainment/public assembly,11538.3,False,0.9998476538695917,66.25,1.5349056603773585,0.10036170387048819,True,True,True,True,True,False
Bear_education_Benita,Bear,USA,Education,13142.2,False,0.9739488117001828,495.36650000000003,1.3278341187787222,0.6135030349775276,True,True,True,True,True,False
Bear_assembly_Beatrice,Bear,USA,Entertainment/public assembly,2802.0,False,0.9998476538695917,38.2,2.00196335078534,0.17265055141093136,True,True,False,True,False,False
Bear_education_Mara,Bear,USA,Education,11903.3,False,0.9764625228519196,502.6,1.2408207321925984,0.5963226860321833,True,True,True,True,True,False
Bear_education_Gavin,Bear,USA,Education,7158.6,False,0.9992382693479586,88.6636,1.2790087363923863,0.3859400989122746,True,True,True,True,True,False
Bear_assembly_Diana,Bear,USA,Entertainment/public assembly,121.2,False,0.8315051797684339,0.713,2.5089060308555404,0.2383717520802471,True,False,False,True,False,False
Bear_lodging_Evan,Bear,USA,Lodging/residential,17205.6,False,0.9998476538695917,183.25,1.43656207366985,0.48697355581683266,True,True,True,True,True,False
Bear_education_Rebecca,Bear,USA,Education,14279.2,False,0.9990859232175503,781.7700500000001,1.2631568643490498,0.5930446280619017,True,True,True,True,True,False
Bear_education_Lashanda,Bear,USA,Education,10945.3,False,0.9998476538695917,67.2875,2.107282184655397,0.3941715640971158,True,True,True,True,True,False
Bear_education_Patricia,Bear,USA,Education,16996.0,False,0.9998476538695917,608.3846,1.3129232314558916,0.6235424521313568,True,True,True,True,True,False
Bear_education_Katy,Bear,USA,Education,13752.6,False,0.9996191346739792,108.2,2.276136783733827,0.6306333240810071,True,True,True,True,True,False
Bear_education_Derek,Bear,USA,Education,6331.0,False,0.9958866544789763,182.432,1.2910015786704088,0.39952944670136886,True,True,True,True,True,False
Bear_education_Bulah,Bear,USA,Education,20504.0,False,0.9995429616087751,1276.0,1.3238482758620675,0.8150097228680088,True,True,False,True,False,False
Bear_parking_Bridget,Bear,USA,Parking,36.0,False,0.5630712979890311,15.7941,1.9316855661291241,0.037422646731528224,True,False,False,True,False,False
Bear_education_Lila,Bear,USA,Education,11483.9,False,0.9998476538695917,230.55,1.2358219475168075,0.43244799577866494,True,True,True,True,True,False
Bear_education_Lewis,Bear,USA,Education,4588.3,False,0.9998476538695917,19.0,2.5526315789473686,0.3342470227174966,True,True,False,True,False,False
Bear_education_Chun,Bear,USA,Education,4292.5,False,0.9998476538695917,89.7775,1.832641808916488,0.5621873437726194,True,True,True,True,True,False
Bear_education_Destiny,Bear,USA,Education,5157.6,False,0.8797227300426569,123.406,2.058617765748829,0.5972983174491134,True,False,True,True,False,False
Bear_public_Arlean,Bear,USA,Public services,12131.4,False,0.8401127361365022,130.25,1.9073320537428011,0.3036841072802147,True,False,True,True,False,False
Bear_education_Sharon,Bear,USA,Education,5261.7,False,0.9996953077391835,107.5,1.3581395348837209,0.4782442998573149,True,True,True,True,True,False
Bear_education_Chana,Bear,USA,Education,3781.7,False,0.9998476538695917,19.25,1.8181818181818181,0.29613933343220383,True,True,False,True,False,False
Bear_education_Yuri,Bear,USA,Education,3793.7,False,0.9998476538695917,10.96245,4.0342259257738915,0.31889498300490565,True,True,False,True,False,False
Bear_education_Wm,Bear,USA,Education,8679.0,False,0.9996953077391835,46.0,1.8043478260869565,0.31148515697663837,True,True,True,True,True,False
Bear_education_Oscar,Bear,USA,Education,2186.3,False,0.9998476538695917,11.748750000000001,1.8192892860942653,0.47645308093112737,True,True,False,True,False,False
Bear_education_Clint,Bear,USA,Education,3836.6,False,0.9992382693479586,55.0,1.4901363636363634,0.3143314820369987,True,True,True,True,True,False
Bear_parking_Gordon,Bear,USA,Parking,9154.6,False,0.999466788543571,27.53,1.0659498728659642,0.020705487763874313,True,True,False,True,False,False
Bear_education_Herman,Bear,USA,Education,371.6,False,0.9998476538695917,0.25,2.82,0.1662707306466845,True,True,False,True,False,False
Bear_education_Millie,Bear,USA,Education,661.7,False,0.9747105423522242,3.4375,1.5825818181818176,-0.3269042331035049,True,True,False,False,False,False
Bear_education_Alfredo,Bear,USA,Education,609.8,False,0.9987050578915295,0.1675,2.9253731343283578,0.051029839346746896,True,True,False,True,False,False
Bear_education_Bonita,Bear,USA,Education,389.2,False,0.9869744058500914,0.1475,4.474576271186441,0.0730555546164159,True,True,False,True,False,False
Bear_education_Tara,Bear,USA,Education,733.9,False,0.9996953077391835,3.235,2.123292117465225,0.1641854267562756,True,True,False,True,False,False
Bear_education_Santos,Bear,USA,Education,1349.3,False,0.9997714808043876,4.2497,8.058528366708238,0.2159992221561928,True,True,False,True,False,False
Bear_assembly_Jose,Bear,USA,Entertainment/public assembly,3361.2,False,0.9998476538695917,244.5,1.6807259713701432,0.6185306111281181,True,True,True,True,True,False
Bear_education_Alvaro,Bear,USA,Education,10181.1,False,0.9988574040219378,419.1263,1.3204636883917806,0.6858687505818972,True,True,True,True,True,False
Bear_education_Lidia,Bear,USA,Education,2824.3,False,0.9998476538695917,11.0,2.6818181818181817,0.328449786846907,True,True,False,True,False,False
Bear_education_Marsha,Bear,USA,Education,10304.7,False,0.998400365630713,76.3037,1.8710146428023804,0.34029895595231946,True,True,True,True,True,False
Bear_assembly_Genia,Bear,USA,Entertainment/public assembly,24256.1,False,0.9949725776965265,232.06275,2.199467385437774,0.2394187058393404,True,True,True,True,True,False
Bear_education_Wilton,Bear,USA,Education,28273.4,False,0.9987050578915295,1509.7964,1.3232107123847956,0.7232862679422781,True,True,False,True,False,False
Bear_education_Iris,Bear,USA,Education,5456.5,False,0.9998476538695917,38.1875,2.51620294599018,0.1790229667040851,True,True,False,True,False,False
Bear_lodging_Esperanza,Bear,USA,Lodging/residential,8078.8,False,0.5837903717245582,29.119,1.7476891376764314,0.06474775957207053,True,False,False,True,False,False
Bear_education_Zandra,Bear,USA,Education,14372.7,False,0.9944393662400975,993.5,1.2157674886763963,0.45517201175851546,True,True,False,True,False,False
Bear_education_Fannie,Bear,USA,Education,10788.0,False,0.9780621572212066,414.5129,1.482515984424128,0.6133380797176677,True,True,True,True,True,False
Bear_education_Leonel,Bear,USA,Education,6988.9,False,0.9996953077391835,91.875,3.197278911564626,0.4930148964210046,True,True,True,True,True,False
Bear_education_Shelley,Bear,USA,Education,22378.8,False,0.9998476538695917,153.5,1.8127035830618892,0.4591135240235672,True,True,True,True,True,False
Bear_parking_Bruce,Bear,USA,Parking,28441.3,False,0.9949725776965265,42.892,1.2240590319873168,-0.4425198669535777,True,True,True,False,False,True
Bear_education_Augusta,Bear,USA,Education,14017.9,False,0.9983241925655089,79.50975,2.9266158552881887,0.28930750464693344,True,True,True,True,True,False
Bear_education_Chad,Bear,USA,Education,39101.5,False,0.9981718464351006,980.5735500000001,1.346210050230296,0.6267799386069852,True,True,False,True,False,False
Bear_education_Laurette,Bear,USA,Education,4079.4,False,0.9958866544789763,50.504999999999995,1.2514382734382736,0.09396369986870882,True,True,True,True,True,False
Bear_education_Elise,Bear,USA,Education,20664.8,False,0.9998476538695917,139.586,1.8186641210436576,0.41039622863851477,True,True,True,True,True,False
Lamb_other_Minerva,Lamb,UK,Other,522.0,False,0.9176569165143206,9.8,3.551020408163265,-0.264406587595714,True,False,False,False,False,False
Lamb_other_Katharina,Lamb,UK,Other,536.0,False,0.9964960390006093,9.5,4.612526315789478,-0.28344100052483345,True,True,False,False,False,False
Lamb_education_Emery,Lamb,UK,Education,10133.0,False,1.0,33.75,4.823703703703704,-0.13777171489668202,True,True,False,False,False,False
Lamb_assembly_Corliss,Lamb,UK,Entertainment/public assembly,2887.0,False,0.9964960390006093,4.6,7.630434782608696,0.0682104352755075,True,True,False,True,False,False
Lamb_assembly_Zita,Lamb,UK,Entertainment/public assembly,642.0,False,0.5347349177330896,0.0002,19500.0,-0.25437688027716954,True,False,False,False,False,False
Lamb_assembly_Jerry,Lamb,UK,Entertainment/public assembly,1037.0,False,0.8266301035953687,1.2,15.0,-0.0942758950773773,True,False,False,False,False,False
Lamb_assembly_Ethel,Lamb,UK,Entertainment/public assembly,3854.0,False,0.710770871419866,27.9,3.2939068100358426,0.0625377208651843,True,False,False,True,False,False
Lamb_assembly_Cesar,Lamb,UK,Entertainment/public assembly,1422.0,False,0.9964960390006093,9.9,4.547373737373742,0.002669476466643114,True,True,False,True,False,False
Lamb_assembly_Steven,Lamb,UK,Entertainment/public assembly,506.0,False,0.9982480195003047,3.477,5.51266033937302,0.030772519412467718,True,True,False,True,False,False
Lamb_assembly_Dudley,Lamb,UK,Entertainment/public assembly,2588.0,False,0.7626447288238879,20.0,4.354449999999997,0.016297023945695124,True,False,False,True,False,False
Lamb_assembly_Isa,Lamb,UK,Entertainment/public assembly,690.0,False,0.9965722120658135,1.781,4.318304323413813,0.04530938499477463,True,True,False,True,False,False
Lamb_assembly_Eugenia,Lamb,UK,Entertainment/public assembly,1187.0,False,0.8705819622181596,4.9,3.918367346938775,0.03555453959723465,True,False,False,True,False,False
Lamb_assembly_Dillon,Lamb,UK,Entertainment/public assembly,5313.0,False,1.0,11.3,8.982300884955752,-0.05101921174018058,True,True,False,False,False,False
Lamb_assembly_Kurt,Lamb,UK,Entertainment/public assembly,683.0,False,0.8455210237659964,1.5,4.333333333333333,0.2645040616192445,True,False,False,True,False,False
Lamb_assembly_Elinor,Lamb,UK,Entertainment/public assembly,4598.0,False,1.0,13.4,8.012910447761191,-0.0326283645288072,True,True,False,False,False,False
Lamb_assembly_Dorathy,Lamb,UK,Entertainment/public assembly,815.0,False,0.9980195003046922,2.45,4.746938775510204,-0.39668464585690527,True,True,False,False,False,False
Lamb_assembly_Ossie,Lamb,UK,Entertainment/public assembly,1119.0,False,0.9963436928702011,2.4,5.958333333333334,0.014234663197246448,True,True,False,True,False,False
Lamb_assembly_Alden,Lamb,UK,Entertainment/public assembly,811.0,False,0.9929920780012188,1.8,3.5916666666666464,-0.11366480703571838,True,True,False,False,False,False
Lamb_assembly_Theresa,Lamb,UK,Entertainment/public assembly,990.0,False,0.9177330895795247,2.4,4.291666666666667,0.12089351616813013,True,False,False,True,False,False
Lamb_assembly_Delilah,Lamb,UK,Entertainment/public assembly,2887.0,False,0.9964960390006093,3.0,13.4,0.21940425873846148,True,True,False,True,False,False
Lamb_assembly_Walter,Lamb,UK,Entertainment/public assembly,1460.0,False,0.9961151736745887,1.8,8.777777777777779,-0.04384464906849376,True,True,False,False,False,False
Lamb_assembly_Nicole,Lamb,UK,Entertainment/public assembly,642.0,False,0.8249542961608776,1.6,4.625,0.1152818919156039,True,False,False,True,False,False
Lamb_assembly_Cherie,Lamb,UK,Entertainment/public assembly,4392.0,False,1.0,42.2,3.0988862559241697,0.1218304731103883,True,True,True,True,True,False
Lamb_assembly_Tawana,Lamb,UK,Entertainment/public assembly,882.0,False,0.9180377818403412,5.4,2.222222222222222,0.2529692700288152,True,False,False,True,False,False
Lamb_assembly_Tasha,Lamb,UK,Entertainment/public assembly,443.0,False,0.9982480195003047,6.0,6.3,0.5335726590815445,True,True,False,True,False,False
Lamb_health_Ken,Lamb,UK,Healthcare,1716.0,False,1.0,15.6,2.7435897435897436,-0.05419673631193956,True,True,False,False,False,False
Lamb_lodging_Burt,Lamb,UK,Lodging/residential,705.0,False,0.9964198659354052,2.0,6.65,-0.22079838601821689,True,True,False,False,False,False
Lamb_industrial_Venessa,Lamb,UK,Manufacturing/industrial,588.0,False,0.9982480195003047,7.972,1.906407425990968,0.09088338634014281,True,True,False,True,False,False
Lamb_industrial_Willard,Lamb,UK,Manufacturing/industrial,965.0,False,0.9177330895795247,2.7,1.2962962962962963,0.1411718805386785,True,False,False,True,False,False
Lamb_assembly_Louis,Lamb,UK,Entertainment/public assembly,3373.0,False,0.9616087751371115,11.53,5.10561144839549,0.026845459749918695,True,False,False,True,False,False
Lamb_assembly_Bertie,Lamb,UK,Entertainment/public assembly,13908.0,False,1.0,54.2,5.820738007380067,0.07651188281568128,True,True,True,True,True,False
Lamb_lodging_Harley,Lamb,UK,Lodging/residential,1587.0,False,0.9180377818403412,3.5,4.857142857142857,0.03816530300753382,True,False,False,True,False,False
Lamb_industrial_Enrique,Lamb,UK,Manufacturing/industrial,358.0,False,1.0,48.0,4.047354166666666,-0.05751495608373932,True,True,True,False,False,True
Lamb_industrial_Carla,Lamb,UK,Manufacturing/industrial,8426.0,False,1.0,109.6,3.064708029197079,-0.2770544119558014,True,True,True,False,False,True
Lamb_public_Nyla,Lamb,UK,Public services,657.0,False,0.9161334552102377,2.6,4.846153846153846,0.20117604871837452,True,False,False,True,False,False
Lamb_public_Grace,Lamb,UK,Public services,5664.9,False,0.9986288848263254,19.0,7.242105263157894,0.0334118310178547,True,True,False,True,False,False
Lamb_public_Vania,Lamb,UK,Public services,4032.0,False,0.9878884826325411,17.9,2.8826815642458103,0.07120595219408399,True,True,False,True,False,False
Lamb_public_Gracie,Lamb,UK,Public services,915.0,False,0.9945917123705058,2.9,3.4137931034482762,-0.021935280232393495,True,True,False,False,False,False
Lamb_public_Angeline,Lamb,UK,Public services,3889.0,False,0.7843540524070689,25.9,3.3013127413127377,0.11173015397679534,True,False,False,True,False,False
Lamb_public_Bradly,Lamb,UK,Public services,1892.0,False,0.7826782449725777,7.1,3.633802816901409,0.28246194027178007,True,False,False,True,False,False
Lamb_food_Sylvia,Lamb,UK,Food sales and service,3280.0,False,0.9180377818403412,7.6,6.197368421052632,-0.3947310924678657,True,False,False,False,False,False
Lamb_assembly_Dorothy,Lamb,UK,Entertainment/public assembly,5960.0,False,1.0,40.4,2.650321782178217,-0.19609091585217087,True,True,True,False,False,True
Lamb_office_William,Lamb,UK,Office,732.0,False,0.8998324192565509,1.2,6.833333333333333,-0.43894002215050704,True,False,False,False,False,False
Lamb_office_Peggy,Lamb,UK,Office,432.0,False,0.9891834247410116,1.4,7.3571428571428585,0.14110516308229668,True,True,False,True,False,False
Lamb_office_Velma,Lamb,UK,Office,14165.0,False,1.0,91.4,2.4176477024070016,-0.07509480116111346,True,True,True,False,False,True
Lamb_office_Vasiliki,Lamb,UK,Office,25087.0,False,0.9969530773918343,287.8,2.4848019457956907,0.010301739776302027,True,True,True,True,True,False
Lamb_office_Jo,Lamb,UK,Office,1542.0,False,0.970292504570384,1.5,8.666666666666666,-0.1808870809626927,True,True,False,False,False,False
Lamb_office_Kent,Lamb,UK,Office,1200.0,False,0.8508531383302864,0.4,3.75,0.006188692564962401,True,False,False,True,False,False
Lamb_office_Donita,Lamb,UK,Office,972.0,False,0.910496648385131,0.4,5.25,-0.0022791386757099073,True,False,False,False,False,False
Lamb_office_Maggie,Lamb,UK,Office,1134.0,False,0.9769195612431444,1.7,12.058823529411764,-0.11016709705987121,True,True,False,False,False,False
Lamb_office_Corine,Lamb,UK,Office,501.0,False,0.6224862888482633,0.2,30.499999999999996,-0.19690327905200627,True,False,False,False,False,False
Lamb_office_Caitlin,Lamb,UK,Office,3365.0,False,1.0,10.0,12.969999999999999,-0.12489602401530356,True,True,False,False,False,False
Lamb_office_Gerardo,Lamb,UK,Office,4859.0,False,0.9964960390006093,7.7,5.935064935064935,-0.13615013711134685,True,True,False,False,False,False
Lamb_office_Stefani,Lamb,UK,Office,1063.0,False,0.9982480195003047,11.48,2.64979094076655,0.10201895043351264,True,True,False,True,False,False
Lamb_office_Joanna,Lamb,UK,Office,1103.0,False,0.17931139549055455,1.5,1.5999999999999999,-0.421064757598937,True,False,False,False,False,False
Lamb_office_Raymond,Lamb,UK,Office,1805.0,False,0.9964960390006093,6.1,6.170163934426247,-0.05896261040142145,True,True,False,False,False,False
Lamb_office_Kerry,Lamb,UK,Office,3962.0,False,0.7339274832419257,1.6,9.625,0.09864350657756756,True,False,False,True,False,False
Lamb_office_Callie,Lamb,UK,Office,689.0,False,0.9982480195003047,4.45,1.7573033707865169,-0.009977436190825603,True,True,False,False,False,False
Lamb_office_Bertha,Lamb,UK,Office,5336.0,False,1.0,0.0475,3864.6947368421042,-0.11881439035342053,True,True,False,False,False,False
Lamb_assembly_Queen,Lamb,UK,Entertainment/public assembly,522.0,False,0.8778945764777575,0.8,5.999999999999999,0.02157265402019203,True,False,False,True,False,False
Lamb_education_Ruben,Lamb,UK,Education,1578.0,False,0.9180377818403412,4.2,6.4523809523809526,0.019538601057031205,True,False,False,True,False,False
Lamb_education_Manuel,Lamb,UK,Education,2844.0,False,0.9964960390006093,6.2,6.82258064516129,0.011665092845234887,True,True,False,True,False,False
Lamb_education_Mae,Lamb,UK,Education,11247.0,False,1.0,49.0,3.836183673469387,-0.18723157067676705,True,True,True,False,False,True
Lamb_education_Princess,Lamb,UK,Education,1769.0,False,0.9943631931748934,5.6,6.544107142857132,-0.06743436142941067,True,True,False,False,False,False
Lamb_education_Bettye,Lamb,UK,Education,2692.0,False,0.9982480195003047,6.35,7.420157480314954,0.01114370749546339,True,True,False,True,False,False
Lamb_education_Aldo,Lamb,UK,Education,736.0,False,0.7377361365021329,1.1,8.909090909090908,0.1113413077217036,True,False,False,True,False,False
Lamb_education_Lucas,Lamb,UK,Education,1737.0,False,1.0,3.468,8.174039792387543,-0.03842019117106957,True,True,False,False,False,False
Lamb_education_Freddy,Lamb,UK,Education,1205.0,False,0.9927635588056063,2.4,6.208333333333334,-0.10238943163035318,True,True,False,False,False,False
Lamb_education_Moses,Lamb,UK,Education,1295.0,False,0.9180377818403412,4.0,6.812249999999994,0.07652828903967443,True,False,False,True,False,False
Lamb_education_Sara,Lamb,UK,Education,8711.0,False,1.0,20.6,8.53266990291262,-0.11133188098110876,True,True,False,False,False,False
Lamb_education_Phil,Lamb,UK,Education,1014.0,False,0.9177330895795247,2.3,7.260869565217392,0.1102492156180477,True,False,False,True,False,False
Lamb_education_Sabrina,Lamb,UK,Education,1065.0,False,0.9138482632541134,1.6,10.562499999999998,0.06688338422760454,True,False,False,True,False,False
Lamb_education_Darrel,Lamb,UK,Education,11954.9,False,1.0,27.4,5.929671532846714,-0.07760720744387252,True,True,False,False,False,False
Lamb_education_Isabelle,Lamb,UK,Education,2253.0,False,0.9964960390006093,11.4,4.859649122807017,-0.10444723757287516,True,True,False,False,False,False
Lamb_education_Norris,Lamb,UK,Education,3211.0,False,0.9180377818403412,5.3,9.20754716981132,0.01589059496213346,True,False,False,True,False,False
Lamb_education_Logan,Lamb,UK,Education,2152.0,False,0.8559567336989641,2.5,7.12,-0.1313093092559469,True,False,False,False,False,False
Lamb_education_Rick,Lamb,UK,Education,1584.0,False,0.9964960390006093,3.6,12.50527777777779,-0.11080611816090992,True,True,False,False,False,False
Lamb_education_Gabriel,Lamb,UK,Education,2193.0,False,0.9964198659354052,6.2,5.483870967741935,-0.022437233574254624,True,True,False,False,False,False
Lamb_education_Gabrielle,Lamb,UK,Education,2572.0,False,1.0,3.3455000000000004,7.656173965027648,-0.00016769994376613148,True,True,False,False,False,False
Lamb_education_Kayla,Lamb,UK,Education,2418.0,False,0.9180377818403412,5.5,6.527272727272727,0.08308502559176949,True,False,False,True,False,False
Lamb_education_Hubert,Lamb,UK,Education,1047.0,False,0.9968769043266301,5.7,6.663649122807015,-0.32009781761369066,True,True,False,False,False,False
Lamb_education_Harold,Lamb,UK,Education,1188.0,False,0.93639549055454,4.4,7.636363636363636,-0.07643936461733368,True,False,False,False,False,False
Lamb_education_Dolly,Lamb,UK,Education,2154.0,False,0.9178092626447288,2.4,11.458333333333334,0.05730261078591946,True,False,False,True,False,False
Lamb_education_Antonio,Lamb,UK,Education,9516.0,False,1.0,26.9,5.557620817843866,-0.10101342837343706,True,True,False,False,False,False
Lamb_education_Lawrence,Lamb,UK,Education,2143.0,False,1.0,5.5,6.618181818181818,-0.028135518188957393,True,True,False,False,False,False
Lamb_education_Hellen,Lamb,UK,Education,1123.0,False,0.9179616087751371,1.8,9.388888888888888,0.03419853842879127,True,False,False,True,False,False
Lamb_education_Daniel,Lamb,UK,Education,1432.0,False,0.9964198659354052,4.987,6.600721876879891,-0.07196788526992211,True,True,False,False,False,False
Lamb_education_Renae,Lamb,UK,Education,6993.0,False,0.1723034734917733,14.1,1.4680851063829787,0.20406946534460635,True,False,False,True,False,False
Lamb_education_Wilbert,Lamb,UK,Education,2215.0,False,0.9180377818403412,3.4,16.264705882352942,0.0004427815885438971,True,False,False,True,False,False
Lamb_education_Salvador,Lamb,UK,Education,2570.0,False,0.9180377818403412,4.0,9.2,0.055842006033786154,True,False,False,True,False,False
Lamb_education_Sylvester,Lamb,UK,Education,2132.0,False,0.9179616087751371,1.7,7.8235294117647065,0.038261092039526455,True,False,False,True,False,False
Lamb_education_Dwayne,Lamb,UK,Education,1391.0,False,0.9982480195003047,3.992,5.927805611222444,0.034423793507557164,True,True,False,True,False,False
Lamb_education_Marc,Lamb,UK,Education,811.0,False,0.9179616087751371,3.7,19.2972972972973,-0.26053985862082013,True,False,False,False,False,False
Lamb_education_Stefan,Lamb,UK,Education,2151.0,False,0.9964960390006093,4.9,9.857142857142856,-0.091323716469102,True,True,False,False,False,False
Lamb_education_Hui,Lamb,UK,Education,3462.0,False,0.996267519804997,7.0,10.357142857142858,-0.1276285724082124,True,True,False,False,False,False
Lamb_education_Randal,Lamb,UK,Education,2678.0,False,0.9180377818403412,4.6,6.826086956521739,0.09097464695786156,True,False,False,True,False,False
Lamb_education_Bert,Lamb,UK,Education,2403.0,False,0.9180377818403412,3.5,7.714285714285714,0.04470027984230526,True,False,False,True,False,False
Lamb_education_Maxwell,Lamb,UK,Education,2635.0,False,0.9964960390006093,4.9,7.313877551020428,-0.08824546817780211,True,True,False,False,False,False
Lamb_education_Sunny,Lamb,UK,Education,1691.0,False,0.9977909811090798,3.194,9.581102066374452,-0.028918870702480823,True,True,False,False,False,False
Lamb_education_Junior,Lamb,UK,Education,11285.0,False,0.9987050578915295,36.6,4.7565573770491785,-0.11420349203122435,True,True,False,False,False,False
Lamb_education_Augustine,Lamb,UK,Education,2939.0,False,0.9964960390006093,3.5,9.799999999999999,-0.055643318594853955,True,True,False,False,False,False
Lamb_education_Terina,Lamb,UK,Education,14868.0,False,1.0,81.45,3.5122529158993245,-0.11792172699306469,True,True,True,False,False,True
Lamb_education_Camille,Lamb,UK,Education,6382.0,False,0.7848872638634978,24.3,4.839382716049379,0.09016512367104348,True,False,False,True,False,False
Lamb_education_Ira,Lamb,UK,Education,1048.0,False,0.8430834856794638,2.4,7.958333333333334,-0.08922779641370268,True,False,False,False,False,False
Lamb_education_Nathan,Lamb,UK,Education,2937.0,False,0.9179616087751371,2.8,9.321428571428573,0.05676378070572733,True,False,False,True,False,False
Lamb_education_Lemuel,Lamb,UK,Education,1589.0,False,0.9180377818403412,7.9,5.1454430379746805,-0.16926997703636357,True,False,False,False,False,False
Lamb_education_Williams,Lamb,UK,Education,8255.0,False,1.0,15.9,8.867924528301886,-0.026258955649729413,True,True,False,False,False,False
Lamb_education_Hilary,Lamb,UK,Education,1281.0,False,0.9964198659354052,2.4,10.966666666666697,-0.18610150360635902,True,True,False,False,False,False
Lamb_education_Armando,Lamb,UK,Education,11200.9,False,1.0,29.2,5.786746575342464,-0.10543539586805782,True,True,False,False,False,False
Lamb_education_Ellen,Lamb,UK,Education,2061.0,False,0.9180377818403412,4.2,6.238095238095237,0.059701619980267594,True,False,False,True,False,False
Lamb_education_Domitila,Lamb,UK,Education,12924.0,False,1.0,40.8,5.1243382352941165,-0.055469534455686184,True,True,True,False,False,True
Lamb_education_Maritza,Lamb,UK,Education,2815.0,False,0.9180377818403412,4.6,4.130434782608696,0.07396948069528413,True,False,False,True,False,False
Lamb_education_Faith,Lamb,UK,Education,1597.0,False,0.9180377818403412,4.3,7.8604651162790695,0.04755326465069691,True,False,False,True,False,False
Lamb_education_Patsy,Lamb,UK,Education,2991.0,False,0.9964960390006093,5.3,6.528301886792454,-0.05179535405558553,True,True,False,False,False,False
Lamb_education_Eula,Lamb,UK,Education,2927.0,False,1.0,0.7001,8.713183830881304,0.045935044291249186,True,True,False,True,False,False
Lamb_education_Nichol,Lamb,UK,Education,4373.0,False,0.9472120658135283,1.1,13.272727272727272,0.01618169865893534,True,False,False,True,False,False
Lamb_education_Mckenzie,Lamb,UK,Education,11710.0,False,1.0,28.6,5.257797202797201,-0.12486494463328707,True,True,False,False,False,False
Lamb_education_Wanda,Lamb,UK,Education,1086.0,False,0.9178092626447288,2.8,7.3571428571428585,-0.010557914600076648,True,False,False,False,False,False
Lamb_education_Debby,Lamb,UK,Education,2961.0,False,0.9180377818403412,5.0,10.509799999999995,0.06886062978629647,True,False,False,True,False,False
Lamb_education_Hillary,Lamb,UK,Education,2238.0,False,0.9430225472273004,4.1,8.341463414634148,-0.12497773925917315,True,False,False,False,False,False
Lamb_education_Larissa,Lamb,UK,Education,2555.0,False,0.9930682510664229,4.9,7.244897959183673,0.0026247346176399957,True,True,False,True,False,False
Lamb_education_Fred,Lamb,UK,Education,2708.0,False,0.9180377818403412,5.5,6.236363636363635,0.01872586306165607,True,False,False,True,False,False
Lamb_education_Carlton,Lamb,UK,Education,3323.0,False,0.9180377818403412,7.8,6.589743589743589,-0.037233993678512115,True,False,False,False,False,False
Lamb_education_Rodrigo,Lamb,UK,Education,6149.0,False,1.0,28.0,3.6668928571428556,-0.02572554141376568,True,True,False,False,False,False
Lamb_education_Marty,Lamb,UK,Education,1201.0,False,0.9175807434491164,2.5,10.52,0.09192203979925412,True,False,False,True,False,False
Lamb_education_Heidi,Lamb,UK,Education,2164.0,False,0.9180377818403412,4.8,7.104166666666667,0.10983527452591306,True,False,False,True,False,False
Lamb_education_Jane,Lamb,UK,Education,2777.0,False,0.9179616087751371,7.5,5.88,0.024086038170643424,True,False,False,True,False,False
Lamb_education_Garry,Lamb,UK,Education,3157.0,False,0.9964960390006093,5.3,8.20754716981132,-0.04125765375720437,True,True,False,False,False,False
Lamb_education_Alina,Lamb,UK,Education,1877.0,False,0.7687385740402194,3.5,6.6571428571428575,-0.02762135985106151,True,False,False,False,False,False
Lamb_education_Felipe,Lamb,UK,Education,9005.0,False,0.9570383912248629,22.0,5.853363636363627,-0.2839264078889756,True,False,False,False,False,False
Lamb_education_Vaughn,Lamb,UK,Education,2619.0,False,0.9180377818403412,3.8,8.81578947368421,-0.010442042221892527,True,False,False,False,False,False
Lamb_education_Luz,Lamb,UK,Education,14474.9,False,1.0,68.0,3.4588235294117644,-0.05113713058043396,True,True,True,False,False,True
Lamb_education_Leopoldo,Lamb,UK,Education,3984.0,False,0.9180377818403412,4.5,8.133333333333333,0.050838361262519935,True,False,False,True,False,False
Lamb_education_Robin,Lamb,UK,Education,8794.0,False,1.0,30.5,5.275147540983601,-0.0964450651991994,True,True,False,False,False,False
Lamb_education_Kasha,Lamb,UK,Education,2335.0,False,0.917885435709933,2.3,17.043478260869566,0.01604559216419338,True,False,False,True,False,False
Lamb_education_Traci,Lamb,UK,Education,1374.0,False,0.8296008531383303,0.9,15.666666666666666,0.06755742129358719,True,False,False,True,False,False
Lamb_education_Lazaro,Lamb,UK,Education,8866.0,False,1.0,15.9,6.782767295597479,0.002694848256093259,True,True,False,True,False,False
Lamb_education_Philomena,Lamb,UK,Education,12732.0,False,0.9990859232175503,30.4,4.679934210526319,-0.15669432503159222,True,True,False,False,False,False
Lamb_education_Willetta,Lamb,UK,Education,3528.0,False,1.0,0.0004,1.0,3.6021386024509266e-16,True,True,False,True,False,False
Lamb_education_Chet,Lamb,UK,Education,1078.0,False,0.9179616087751371,1.8,6.166666666666666,0.02771789351746012,True,False,False,True,False,False
Lamb_education_Emilie,Lamb,UK,Education,1303.0,False,0.9180377818403412,2.6,6.846153846153846,0.07380886250984336,True,False,False,True,False,False
Lamb_education_Felicia,Lamb,UK,Education,2182.0,False,0.9179616087751371,3.1,6.483870967741936,-0.06413784770611967,True,False,False,False,False,False
Lamb_assembly_Librada,Lamb,UK,Entertainment/public assembly,2957.0,False,1.0,16.9,11.748284023668635,-0.0941447457885589,True,True,False,False,False,False
Lamb_assembly_Rosa,Lamb,UK,Entertainment/public assembly,1132.0,False,1.0,11.5029,67.38935398899407,0.15906773281974929,True,True,False,True,False,False
Lamb_assembly_Katelyn,Lamb,UK,Entertainment/public assembly,4519.0,False,1.0,19.3,5.160621761658031,-0.03466681682346553,True,True,False,False,False,False
Lamb_warehouse_Allan,Lamb,UK,Warehouse/storage,1457.0,False,0.9180377818403412,18.2,2.197802197802198,-0.3015896522161916,True,False,False,False,False,False
Peacock_education_Anita,Peacock,USA,Education,1255.3,True,0.9970292504570384,12.8833,1.7968998626128398,-0.11460805335548331,False,True,False,False,False,False
Peacock_office_Burl,Peacock,USA,Office,1661.0,False,0.9993144424131627,61.9,1.3249385137318255,-0.38620975487306797,True,True,True,False,False,True
Peacock_office_Glenn,Peacock,USA,Office,2179.3,False,0.2319469835466179,66.4333,2.5253404542601374,0.19844074295497977,True,False,True,True,False,False
Peacock_education_Patience,Peacock,USA,Education,2836.4,True,0.9991620962827544,22.6167,2.2710664243678345,0.05924188774634027,False,True,False,True,False,False
Peacock_office_Norman,Peacock,USA,Office,3044.1,True,0.9985527117611213,34.8833,1.780585552398999,0.06304316464675586,False,True,False,True,False,False
Peacock_lodging_Francesca,Peacock,USA,Lodging/residential,3338.6,False,0.9988574040219378,41.3333,1.463710857831337,0.12021216520373376,True,True,True,True,True,False
Peacock_education_Pasquale,Peacock,USA,Education,3343.6,True,0.9971054235222425,185.45,1.1846958047991374,-0.25403745630468155,False,True,True,False,False,False
Peacock_office_Jonathon,Peacock,USA,Office,3482.5,True,0.22798598415600244,30.5833,1.9843717322852665,0.24201498112845327,False,False,False,True,False,False
Peacock_public_Linda,Peacock,USA,Public services,3592.7,True,0.00015234613040828764,4.59165,1.958656909825444,,False,False,False,False,False,False
Peacock_education_Yolanda,Peacock,USA,Education,3675.1,True,0.9996953077391835,36.82495,1.508021327931199,0.2537515280340048,False,True,False,True,False,False
Peacock_office_Julian,Peacock,USA,Office,3913.9,True,0.9991620962827544,22.3667,2.4141839430939744,0.08619952130651004,False,True,False,True,False,False
Peacock_lodging_Chloe,Peacock,USA,Lodging/residential,4120.4,False,0.9968769043266301,32.6,1.8507147239263804,-0.19197480830013555,True,True,False,False,False,False
Peacock_education_Bianca,Peacock,USA,Education,4349.1,False,0.23796465569774528,172.375,1.257114668600435,-0.015986975517635414,True,False,True,False,False,False
Peacock_lodging_Terrie,Peacock,USA,Lodging/residential,4367.1,False,0.9968769043266301,41.0,1.5861780487804877,-0.24122180327126744,True,True,True,False,False,True
Peacock_lodging_Nova,Peacock,USA,Lodging/residential,4507.6,False,0.9983241925655089,18.6667,2.160708641591712,-0.24093761119361845,True,True,False,False,False,False
Peacock_office_Dara,Peacock,USA,Office,4644.2,True,0.9971054235222425,174.76665000000003,1.6062476794056528,0.032116605229875805,False,True,True,True,False,False
Peacock_assembly_Socorro,Peacock,USA,Entertainment/public assembly,4880.6,False,0.9990859232175503,13.0084,5.233482211494112,0.1259859472399291,True,True,False,True,False,False
Peacock_education_Shelly,Peacock,USA,Education,4984.3,False,0.9862888482632541,112.0167,1.2578481601404077,-0.16467404016763063,True,True,True,False,False,True
Peacock_office_Naomi,Peacock,USA,Office,5072.2,True,0.2315661182205972,179.0917,1.4914929781782185,0.10529969029018028,False,False,True,True,False,False
Peacock_education_Robbie,Peacock,USA,Education,5416.9,False,0.9996953077391835,44.4833,1.9656477824262144,0.12506180643168427,True,True,True,True,True,False
Peacock_assembly_Russ,Peacock,USA,Entertainment/public assembly,5440.6,True,0.9967245581962219,144.2333,1.2084773211179387,-0.03272471737856097,False,True,True,False,False,False
Peacock_office_Annie,Peacock,USA,Office,6021.8,False,0.9993144424131627,62.6333,2.772438846428338,0.14372834622646097,True,True,True,True,True,False
Peacock_office_Major,Peacock,USA,Office,6507.1,True,0.98088056063376,199.0,1.4393402010050251,-0.150573533164784,False,True,True,False,False,False
Peacock_education_Joshua,Peacock,USA,Education,7054.0,False,0.9929159049360147,458.7,1.2379267015478526,-0.11032013910166405,True,True,True,False,False,True
Peacock_education_Forest,Peacock,USA,Education,7178.0,True,0.9969530773918343,88.3,1.500401710079275,0.26836279218868886,False,True,True,True,False,False
Peacock_education_Dustin,Peacock,USA,Education,7462.4,True,0.996800731261426,44.85,1.6192128205128202,0.11938026691270623,False,True,True,True,False,False
Peacock_lodging_James,Peacock,USA,Lodging/residential,7702.7,True,0.9944393662400975,61.7667,1.5470520523194529,-0.09986371062567184,False,True,True,False,False,False
Peacock_lodging_Mathew,Peacock,USA,Lodging/residential,8669.1,False,0.996267519804997,55.45,1.5612989359783584,-0.2329914644265797,True,True,True,False,False,True
Peacock_lodging_Matthew,Peacock,USA,Lodging/residential,8686.4,True,0.9992382693479586,60.7167,1.366409258078914,-0.40354711966891865,False,True,True,False,False,False
Peacock_office_Elton,Peacock,USA,Office,9694.9,False,0.9981718464351006,156.8833,1.3873337633769816,-0.0041617952047401,True,True,True,False,False,True
Peacock_office_Effie,Peacock,USA,Office,9723.9,True,0.9992382693479586,80.3,1.9420216562889165,0.2704501486471125,False,True,True,True,False,False
Peacock_lodging_Wes,Peacock,USA,Lodging/residential,9828.3,True,0.9991620962827544,168.05,1.4475376376078548,-0.11575630930763328,False,True,True,False,False,False
Peacock_assembly_Dena,Peacock,USA,Entertainment/public assembly,10065.0,True,0.9968769043266301,220.3667,1.73914497063304,0.1392653066546162,False,True,True,True,False,False
Peacock_lodging_Sergio,Peacock,USA,Lodging/residential,10498.0,True,0.9992382693479586,97.0958,1.5227637755701071,-0.10252071761737959,False,True,True,False,False,False
Peacock_education_Ophelia,Peacock,USA,Education,11226.0,True,0.9991620962827544,694.0,1.1516963976945247,-0.26651369433997085,False,True,True,False,False,False
Peacock_lodging_Lou,Peacock,USA,Lodging/residential,11895.7,False,0.999466788543571,121.0333,1.3283393908949024,-0.15651831677657885,True,True,True,False,False,True
Peacock_education_Karyn,Peacock,USA,Education,12016.4,False,0.9988574040219378,466.35,1.1292934577034415,-0.005192263939947981,True,True,True,False,False,True
Peacock_assembly_Mamie,Peacock,USA,Entertainment/public assembly,13295.3,True,0.23925959780621572,144.2333,1.2206613867948664,0.22860599867522463,False,False,True,True,False,False
Peacock_education_Lyle,Peacock,USA,Education,17727.5,True,0.9992382693479586,642.725,1.5417726694931735,0.11465382831632015,False,True,True,True,False,False
Peacock_education_Weldon,Peacock,USA,Education,22419.7,True,0.2406307129798903,663.75,1.2659354064030133,0.17462257457574437,False,False,True,True,False,False
Peacock_education_Gilberto,Peacock,USA,Education,23225.8,False,0.9987812309567337,1015.0735,1.2073298495133602,0.30801064013102664,True,True,False,True,False,False
Peacock_education_Lucie,Peacock,USA,Education,23876.1,True,0.22829067641681902,831.9167,1.2935813982337414,0.5304893003406453,False,False,False,True,False,False
Peacock_lodging_Jamaal,Peacock,USA,Lodging/residential,25900.9,True,0.9991620962827544,228.4,1.4027787740805602,0.04888853097996866,False,True,True,True,False,False
Peacock_public_Kelvin,Peacock,USA,Public services,37324.1,True,0.9991620962827544,283.5,1.7981704691358025,-0.2078627370070548,False,True,True,False,False,False
Peacock_education_Karl,Peacock,USA,Education,44381.9,False,0.24024984765386959,87.67085,1.3739304569306667,0.0947183740811296,True,False,True,True,False,False
Moose_education_Sasha,Moose,Canada,Education,8000.0,True,0.6634673979280926,2.6694,3.2305945156214873,-0.2907804501852322,False,False,False,False,False,False
Moose_education_Ricardo,Moose,Canada,Education,14000.0,True,1.0,299.0391,1.4526538502824546,-0.3573901050331223,False,True,True,False,False,False
Moose_education_Lori,Moose,Canada,Education,14000.0,True,0.9997714808043876,198.1835,1.4479337179936775,-0.819395646738668,False,True,True,False,False,False
Moose_education_Gladys,Moose,Canada,Education,67999.9,True,0.9997714808043876,1077.3786,1.4936599891625841,0.030232158817550862,False,True,False,True,False,False
Moose_education_Maria,Moose,Canada,Education,35999.9,True,0.997867154174284,609.7935500000001,1.7299110674424187,0.0748127790367763,False,True,True,True,False,False
Moose_education_Marlon,Moose,Canada,Education,21000.0,True,0.999466788543571,160.1862,2.1051698585770806,-0.16569295889199923,False,True,True,False,False,False
Moose_education_Clark,Moose,Canada,Education,70999.9,True,0.999466788543571,733.3061,1.8769544941737155,0.05965512663250833,False,True,True,True,False,False
Moose_education_Rene,Moose,Canada,Education,37999.9,True,0.999466788543571,309.503,3.239656933858476,0.011837027553388245,False,True,True,True,False,False
Moose_education_Leland,Moose,Canada,Education,48999.9,True,0.6483851310176721,1384.865,2.8879512443451167,-0.654379110262503,False,False,False,False,False,False
Moose_education_Marina,Moose,Canada,Education,6000.0,True,0.999466788543571,35.1139,1.7845599605854081,0.004842506310038401,False,True,False,True,False,False
Moose_education_Abbie,Moose,Canada,Education,45000.0,True,0.9993906154783668,1139.8092499999998,1.5319568480427757,0.03382473213696905,False,True,False,True,False,False
Moose_education_Florence,Moose,Canada,Education,26999.9,True,0.5693174893357709,234.97655,2.8076227180967632,0.04427548536928143,False,False,True,True,False,False
Moose_education_Diane,Moose,Canada,Education,16999.9,True,0.444393662400975,1391.10525,1.1534203468788575,-0.042224603441612524,False,False,False,False,False,False
Gator_office_Carrie,Gator,USA,Office,24987.5,False,0.9559719683120049,972.5833,1.3186959924152513,0.07825172846210057,True,False,False,True,False,False
Gator_office_Lucy,Gator,USA,Office,16315.4,False,0.9047836684948203,355.4167,1.413481696273698,-0.08628625913651486,True,False,True,False,False,False
Gator_assembly_Lelia,Gator,USA,Entertainment/public assembly,297.3,False,0.9140006093845217,3.7917,2.3078919745760524,0.34424077902915484,True,False,False,True,False,False
Gator_other_Elfriede,Gator,USA,Other,2665.7,False,0.9541438147471054,55.1667,1.729606809905251,0.16383591180674983,True,False,True,True,False,False
Gator_assembly_Maurine,Gator,USA,Entertainment/public assembly,278.7,False,0.9559719683120049,5.125,11.276429268292683,-0.11599513856652141,True,False,False,False,False,False
Gator_other_Refugio,Gator,USA,Other,869.3,False,0.8938909201706277,0.25,3.6668,0.2823034271307722,True,False,False,True,False,False
Gator_assembly_Milton,Gator,USA,Entertainment/public assembly,48.3,False,0.7695003046922608,0.4583,10.000654593061315,-0.12336703814292575,True,False,False,False,False,False
Gator_assembly_Beryl,Gator,USA,Entertainment/public assembly,4136.8,False,0.6489183424741012,0.875,4.2380571428571425,0.06510725488784311,True,False,False,True,False,False
Gator_assembly_Joni,Gator,USA,Entertainment/public assembly,346.4,False,0.9358622790981109,3.3333,5.262562625626256,-0.12300377469614555,True,False,False,False,False,False
Gator_public_Jolene,Gator,USA,Public services,811.4,False,0.7020109689213894,6.5,2.051276923076923,0.18705539372814498,True,False,False,True,False,False
Gator_public_Ross,Gator,USA,Public services,450.4,False,0.8847501523461304,7.8333,2.978731824390742,0.017125252216361676,True,False,False,True,False,False
Gator_assembly_Regina,Gator,USA,Entertainment/public assembly,919.2,False,0.9139244363193175,21.02085,1.278789820582904,0.19253252086697242,True,False,False,True,False,False
Gator_assembly_Elliot,Gator,USA,Entertainment/public assembly,100.3,False,0.0018281535648994515,0.3333,1.0,,True,False,False,False,False,False
Gator_public_Clara,Gator,USA,Public services,523.0,False,0.912096282754418,11.25,1.8861830222222238,0.21569232157415713,True,False,False,True,False,False
Gator_public_Philip,Gator,USA,Public services,406.1,False,0.9012035344302255,2.25,2.6852,0.4007518315745975,True,False,False,True,False,False
Gator_assembly_Alexa,Gator,USA,Entertainment/public assembly,61.9,False,0.6177635588056063,0.2917,2.4281796366129584,-0.10321831898588522,True,False,False,False,False,False
Gator_assembly_Daisy,Gator,USA,Entertainment/public assembly,33.1,False,0.9012797074954296,3.1667,1.9604951526826033,-0.25976587078057584,True,False,False,False,False,False
Gator_assembly_Lera,Gator,USA,Entertainment/public assembly,91.4,False,0.51911943936624,0.375,4.444533333333333,0.07618410634851532,True,False,False,True,False,False
Gator_public_Beulah,Gator,USA,Public services,338.9,False,0.9559719683120049,7.375,1.694915254237288,0.37390202963357755,True,False,False,True,False,False
Gator_public_Tiffany,Gator,USA,Public services,590.0,False,0.9029555149299208,14.6667,1.4659057593050924,0.40124790539987626,True,False,False,True,False,False
Gator_assembly_Lilli,Gator,USA,Entertainment/public assembly,60.2,False,0.9157525898842169,2.7083,1.6615589114942955,0.27095686602495317,True,False,False,True,False,False
Gator_other_Gertrude,Gator,USA,Other,237.4,False,0.939594759293114,1.8333,2.772759504718268,0.22870722576904143,True,False,False,True,False,False
Gator_assembly_Bailey,Gator,USA,Entertainment/public assembly,34.0,False,0.9175807434491164,0.5,4.3334,0.030337856531231364,True,False,False,True,False,False
Gator_public_Marcie,Gator,USA,Public services,3275.1,False,0.9541438147471054,101.6667,1.4754093523248024,-0.08615209906282864,True,False,True,False,False,False
Gator_public_Kendall,Gator,USA,Public services,726.5,False,0.9102681291895186,17.6667,1.3662710070358512,0.11282027490468316,True,False,False,True,False,False
Gator_public_Dewey,Gator,USA,Public services,333.7,False,0.9212370505789153,6.375,1.4183058823529413,0.400173485757642,True,False,False,True,False,False
Gator_public_Randall,Gator,USA,Public services,1806.6,False,0.9578001218769043,60.125,1.6715176715176716,0.1899982427138088,True,False,True,True,False,False
Gator_office_Betty,Gator,USA,Office,542.5,False,0.9066118220597197,31.0833,1.8201349277586303,-0.0697311555218715,True,False,False,False,False,False
Gator_other_Samuel,Gator,USA,Other,9568.5,False,0.7482480195003047,2.82,7.812056737588653,0.2664320070556408,True,False,False,True,False,False
Gator_warehouse_Stacie,Gator,USA,Warehouse/storage,1475.2,False,0.9047836684948203,19.8333,1.4958025139538047,0.48377755463626065,True,False,False,True,False,False
Gator_warehouse_Constance,Gator,USA,Warehouse/storage,1404.7,False,0.9413467397928093,12.6667,2.2368335872800333,0.422945280882703,True,False,False,True,False,False
Gator_assembly_Loyce,Gator,USA,Entertainment/public assembly,377.7,False,0.9541438147471054,21.4583,1.2660229375113592,0.07939165463216437,True,False,False,True,False,False
Gator_public_Noe,Gator,USA,Public services,2462.6,False,0.912096282754418,55.875,1.6142426666666698,0.3660739065942052,True,False,True,True,False,False
Gator_public_Nettie,Gator,USA,Public services,593.8,False,0.9066118220597197,16.1667,1.649483196941862,0.017366974743562538,True,False,False,True,False,False
Gator_public_Lindsey,Gator,USA,Public services,458.4,False,0.9504875076173065,26.45835,2.5196847120096306,-0.017739357833247645,True,False,False,False,False,False
Gator_assembly_Marjorie,Gator,USA,Entertainment/public assembly,1599.8,False,0.9559719683120049,47.7083,1.880349960069841,0.3097201424055761,True,False,True,True,False,False
Gator_public_Leroy,Gator,USA,Public services,758.8,False,0.9559719683120049,21.5833,1.7065647977834715,0.29533566054329835,True,False,False,True,False,False
Gator_public_Alexandra,Gator,USA,Public services,3088.7,False,0.9450792199878123,22.5,2.1666666666666665,0.3155432027411098,True,False,False,True,False,False
Gator_public_Dale,Gator,USA,Public services,1710.7,False,0.9102681291895186,42.9167,1.5874744796314744,0.4317330974564163,True,False,True,True,False,False
Gator_office_Hunter,Gator,USA,Office,1314.6,False,0.8846739792809263,40.0,1.35124,0.3474902125173159,True,False,True,True,False,False
Gator_other_Reginald,Gator,USA,Other,3889.0,False,0.8901584399756246,52.5,1.9523809523809523,0.40547830379549643,True,False,True,True,False,False
Gator_office_Julie,Gator,USA,Office,527.7,False,0.9267215112736137,8.1667,1.5101938359435265,0.30341273067289243,True,False,False,True,False,False
Gator_public_Latasha,Gator,USA,Public services,677.4,False,0.9048598415600244,20.8333,1.4400023040036862,0.39399012615297024,True,False,False,True,False,False
Gator_assembly_Enid,Gator,USA,Entertainment/public assembly,499.8,False,0.9541438147471054,7.9583,1.6073407637309476,-0.06619027170263975,True,False,False,False,False,False
Gator_assembly_Erich,Gator,USA,Entertainment/public assembly,645.1,False,0.7460390006093846,20.85,1.4088009592326132,0.5986143163996059,True,False,False,True,False,False
Gator_assembly_Stacy,Gator,USA,Entertainment/public assembly,79.9,False,0.7751371115173674,0.0417,41.96642685851319,-0.140901567037296,True,False,False,False,False,False
Gator_assembly_Virgie,Gator,USA,Entertainment/public assembly,44.7,False,0.9486593540524071,0.4167,1.499880009599232,-0.3820021952833376,True,False,False,False,False,False
Gator_assembly_Gene,Gator,USA,Entertainment/public assembly,864.3,False,0.8901584399756246,24.1667,1.534479262787224,0.20263084061021888,True,False,False,True,False,False
Gator_office_Merle,Gator,USA,Office,794.5,False,0.8152803168799513,1.2917,1.9354339242858247,0.4089738174985338,True,False,False,True,False,False
Gator_public_Lona,Gator,USA,Public services,599.0,False,0.8828458257160268,1.0417,3.95987328405491,-0.039555280884331946,True,False,False,False,False,False
Gator_public_Janna,Gator,USA,Public services,2656.1,False,0.9102681291895186,97.8333,1.4123001370698944,0.0205903681746443,True,False,True,True,False,False
Gator_public_Jayme,Gator,USA,Public services,1549.8,False,0.952315661182206,98.625,1.5454164765525982,0.2710683799765832,True,False,True,True,False,False
Gator_public_Geraldine,Gator,USA,Public services,1003.4,False,0.9066118220597197,20.85145,1.4385090725105396,0.37193142147960173,True,False,False,True,False,False
Gator_assembly_Roy,Gator,USA,Entertainment/public assembly,2461.5,False,0.2961608775137112,5.166650000000001,5.645185952212748,-0.04953525181113293,True,False,False,False,False,False
Gator_assembly_Blanca,Gator,USA,Entertainment/public assembly,8573.8,False,0.9614564290067033,689.4583,2.0690156315472596,0.32500001032580295,True,False,True,True,False,False
Gator_office_August,Gator,USA,Office,4487.2,False,0.906764168190128,58.75,1.7726246468085016,0.38841402758018967,True,False,True,True,False,False
Gator_assembly_Selma,Gator,USA,Entertainment/public assembly,274.6,False,0.9194088970140158,1.375,5.333309090909091,0.05610666582707112,True,False,False,True,False,False
Gator_assembly_Hue,Gator,USA,Entertainment/public assembly,371.6,False,0.2543418647166362,2.46,14.986585365853644,0.2063284070916287,True,False,False,True,False,False
Gator_other_Minda,Gator,USA,Other,145.5,False,0.8663924436319318,3.3333,6.000060000600006,-0.22524471067459043,True,False,False,False,False,False
Gator_public_Marissa,Gator,USA,Public services,371.6,False,0.9468312004875076,14.0,1.5476214285714285,0.3761162929331935,True,False,False,True,False,False
Gator_other_Glen,Gator,USA,Other,1138.9,False,0.8994515539305301,2.75,1.712109090909091,0.22223965390449932,True,False,False,True,False,False
Gator_other_Russel,Gator,USA,Other,397.3,False,0.8537477148080439,10.8333,1.538469349136459,0.2528570821416446,True,False,False,True,False,False
Gator_other_Cassandra,Gator,USA,Other,2567.8,False,0.9468312004875076,23.4055,2.368533037106663,0.04608737506761051,True,False,False,True,False,False
Gator_public_Everette,Gator,USA,Public services,1841.6,False,0.932205971968312,103.2083,2.054502399516318,-0.18086160231200563,True,False,True,False,False,False
Gator_public_Kenny,Gator,USA,Public services,1540.7,False,0.9541438147471054,95.3165,1.631927315837237,0.0658318679223431,True,False,True,True,False,False
Gator_public_Dionna,Gator,USA,Public services,945.2,False,0.9212370505789153,19.0,1.8421052631578947,-0.04155273619612465,True,False,False,False,False,False
Gator_public_Cheri,Gator,USA,Public services,945.2,False,0.9541438147471054,17.8333,2.1495348589436616,-0.17330302942865836,True,False,False,False,False,False
Gator_public_Natasha,Gator,USA,Public services,6123.5,False,0.9158287629494211,120.8333,2.2241385445899433,0.16984729254902545,True,False,True,True,False,False
Gator_public_Maude,Gator,USA,Public services,5574.2,False,0.8828458257160268,102.9167,1.2955458152078332,0.17244023166171096,True,False,True,True,False,False
Gator_assembly_Kimberly,Gator,USA,Entertainment/public assembly,81290.1,False,0.9541438147471054,1500.375,1.4801854869615927,-0.1277977314918494,True,False,False,False,False,False
Gator_assembly_Lucia,Gator,USA,Entertainment/public assembly,70.1,False,0.8957190737355272,5.8333,1.857147755130029,-0.10836479384973727,True,False,False,False,False,False
Gator_assembly_Kayleigh,Gator,USA,Entertainment/public assembly,142.7,False,0.8992992078001218,3.0833500000000003,9.351289993027065,-0.10435850608645411,True,False,False,False,False,False
Gator_public_Erika,Gator,USA,Public services,337.0,False,0.9030316879951249,6.4167,1.7921984820858075,0.24587524083854995,True,False,False,True,False,False
Gator_office_Lisa,Gator,USA,Office,3729.3,False,0.9102681291895186,195.8333,1.2000427608583433,0.20869038913073074,True,False,True,True,False,False
Bull_office_Lilla,Bull,USA,Office,16890.2,True,0.9840036563071298,474.0,1.3080168776371308,-0.0035431009943019467,False,True,True,False,False,False
Bull_lodging_Caren,Bull,USA,Lodging/residential,16509.6,True,0.9830895795246801,147.0,1.4965986394557824,0.10034761989246162,False,True,True,True,False,False
Bull_education_Clarice,Bull,USA,Education,5132.0,False,0.9837751371115173,30.0,1.6333333333333333,0.34948917126966567,True,True,False,True,False,False
Bull_office_Hilton,Bull,USA,Office,743.6,False,0.9715112736136502,6.0,1.5,0.11572636303029188,True,True,False,True,False,False
Bull_lodging_Leonard,Bull,USA,Lodging/residential,3831.4,True,0.9816422912858014,34.0,1.4411764705882353,0.004083594001215614,False,True,False,True,False,False
Bull_education_Roseann,Bull,USA,Education,10241.2,True,0.9747105423522242,248.0,1.2096774193548387,0.22363828370297695,False,True,True,True,False,False
Bull_education_Brenda,Bull,USA,Education,14652.9,True,0.9821755027422303,141.28,1.5523716732729331,0.2967393417348273,False,True,True,True,False,False
Bull_assembly_Nick,Bull,USA,Entertainment/public assembly,32032.8,False,0.9721968312004875,936.0,1.314102564102564,0.2828546097048368,True,True,False,True,False,False
Bull_education_Brady,Bull,USA,Education,3636.5,False,0.9837751371115173,28.0,2.5,0.23361188088021087,True,True,False,True,False,False
Bull_education_Antonia,Bull,USA,Education,37099.0,True,0.9841560024375381,458.0,1.7812445414847151,0.3487786680988195,False,True,True,True,False,False
Bull_education_Dakota,Bull,USA,Education,3585.9,False,0.9838513101767216,52.0,1.9615384615384615,0.33566018421929034,True,True,True,True,True,False
Bull_lodging_Terence,Bull,USA,Lodging/residential,3780.9,True,0.9663315051797684,25.0,1.52,-0.12370476931878878,False,False,False,False,False,False
Bull_education_Annette,Bull,USA,Education,6484.5,True,0.7263101767215113,90.0,2.3555555555555556,-0.05185914419219691,False,False,True,False,False,False
Bull_lodging_Perry,Bull,USA,Lodging/residential,6480.4,True,0.9838513101767216,52.0,1.4615384615384615,0.030046358286479825,False,True,True,True,False,False
Bull_assembly_Vanessa,Bull,USA,Entertainment/public assembly,12776.2,True,0.9836989640463132,122.0,1.598360655737705,0.20637557107945448,False,True,True,True,False,False
Bull_education_Lydia,Bull,USA,Education,11712.9,True,0.9434034125533212,90.0,1.8333333333333333,0.1553803563066194,False,False,True,True,False,False
Bull_education_Kristal,Bull,USA,Education,18853.5,True,0.9817946374162096,397.0,1.279596977329975,0.37823464287814196,False,True,True,True,False,False
Bull_education_Bryon,Bull,USA,Education,4723.7,True,0.9835466179159049,33.0,1.7272727272727273,0.3107426349690745,False,True,False,True,False,False
Bull_services_Juanita,Bull,USA,Services,44779.2,False,0.9717397928092626,137.0,1.1897810218978102,-0.2915413085877874,True,True,True,False,False,True
Bull_education_Reynaldo,Bull,USA,Education,4384.2,True,0.9836989640463132,30.0,1.8666666666666667,-0.0869338427984649,False,True,False,False,False,False
Bull_education_Reina,Bull,USA,Education,9434.8,True,0.9815661182205973,73.0,1.7671232876712328,0.31201942582727643,False,True,True,True,False,False
Bull_education_Sebastian,Bull,USA,Education,5117.7,True,0.9817184643510055,35.0,1.8285714285714285,0.26878234265060513,False,True,False,True,False,False
Bull_education_Miquel,Bull,USA,Education,22820.4,True,0.9819469835466179,258.0,1.543023255813955,0.27852661685319985,False,True,True,True,False,False
Bull_education_Summer,Bull,USA,Education,3509.4,False,0.9779098110907983,29.0,1.6551724137931034,0.300227111895287,True,True,False,True,False,False
Bull_public_Jefferson,Bull,USA,Public services,6015.4,True,0.9836989640463132,32.0,2.25,0.23576355378917246,False,True,False,True,False,False
Bull_education_Pamela,Bull,USA,Education,20904.5,True,0.9838513101767216,177.0,1.4463276836158192,0.32204142689698817,False,True,True,True,False,False
Bull_education_Fabiola,Bull,USA,Education,10370.1,True,0.9819469835466179,185.0,1.481081081081081,0.31901108816013046,False,True,True,True,False,False
Bull_education_Miranda,Bull,USA,Education,10008.4,True,0.9816422912858014,165.0,1.4242424242424243,0.34052740737504456,False,True,True,True,False,False
Bull_education_Shona,Bull,USA,Education,1352.8,False,0.9767672151127361,188.0,1.122340425531915,0.005528329256743165,True,True,True,True,True,False
Bull_education_Carl,Bull,USA,Education,25622.0,True,0.9819469835466179,610.0,1.2163934426229508,0.25867684198989527,False,True,True,True,False,False
Bull_education_Jeffery,Bull,USA,Education,2783.5,False,0.8987659963436929,534.0,1.101123595505618,0.02271918443987314,True,False,True,True,False,False
Bull_lodging_Lettie,Bull,USA,Lodging/residential,3683.4,True,0.9817184643510055,34.0,1.4705882352941178,-0.10605719829566572,False,True,False,False,False,False
Bull_lodging_Carie,Bull,USA,Lodging/residential,3683.5,True,0.9816422912858014,54.0,1.3703703703703705,0.08137175229338732,False,True,True,True,False,False
Bull_assembly_Brandon,Bull,USA,Entertainment/public assembly,4140.1,True,0.9838513101767216,75.0,1.7866666666666666,0.3143758673819555,False,True,True,True,False,False
Bull_education_Mario,Bull,USA,Education,8477.8,True,0.9839274832419257,98.0,1.7142857142857142,0.29156375776608756,False,True,True,True,False,False
Bull_assembly_Katia,Bull,USA,Entertainment/public assembly,6142.8,False,0.9108775137111518,112.0,5.464285714285714,0.0860168885149296,True,False,True,True,False,False
Bull_office_Myron,Bull,USA,Office,5583.1,True,0.9755484460694699,62.0,1.6129032258064515,0.30681222543683107,False,True,True,True,False,False
Bull_education_Krista,Bull,USA,Education,22263.1,True,0.9818708104814138,292.0,1.5993150684931507,0.33614701040484635,False,True,True,True,False,False
Bull_education_Venita,Bull,USA,Education,4882.9,True,0.9817946374162096,37.0,1.5945945945945945,0.3001241320620192,False,True,False,True,False,False
Bull_assembly_Beau,Bull,USA,Entertainment/public assembly,46789.1,True,0.984079829372334,456.0,2.807017543859649,0.02475473672481815,False,True,True,True,False,False
Bull_education_Brain,Bull,USA,Education,21365.2,True,0.9827848872638635,376.0,1.3085106382978724,0.2058437162933427,False,True,True,True,False,False
Bull_education_Nichole,Bull,USA,Education,19058.2,True,0.9819469835466179,191.0,1.544502617801047,0.27353273596346794,False,True,True,True,False,False
Bull_education_Pablo,Bull,USA,Education,4810.3,True,0.9815661182205973,37.0,1.8108108108108107,0.2896130301155824,False,True,False,True,False,False
Bull_education_Arthur,Bull,USA,Education,22083.2,True,0.9818708104814138,416.0,1.2043269230769231,0.2886710222298661,False,True,True,True,False,False
Bull_education_Elva,Bull,USA,Education,5631.9,True,0.9838513101767216,57.0,1.631578947368421,0.3692872771319737,False,True,True,True,False,False
Bull_education_Brandi,Bull,USA,Education,2901.6,False,0.9835466179159049,22.0,2.3636363636363638,0.30547991890008885,True,True,False,True,False,False
Bull_education_Magaret,Bull,USA,Education,7954.6,True,0.9815661182205973,64.0,2.1429687499999943,0.36934198766032145,False,True,True,True,False,False
Bull_assembly_Lance,Bull,USA,Entertainment/public assembly,24355.6,True,0.9825563680682511,444.0,1.2208108108108129,0.09008635711377623,False,True,True,True,False,False
Bull_education_Genie,Bull,USA,Education,13675.8,True,0.9818708104814138,117.0,1.7264957264957266,0.3062535114959522,False,True,True,True,False,False
Bull_education_Geneva,Bull,USA,Education,2321.8,True,0.9731109079829372,26.0,2.576923076923077,0.4063380919235183,False,True,False,True,False,False
Bull_assembly_Nathanial,Bull,USA,Entertainment/public assembly,23436.5,True,0.980423522242535,208.0,1.4182692307692308,0.41299379222721344,False,True,True,True,False,False
Bull_education_Patrina,Bull,USA,Education,5054.4,True,0.9814137720901889,17.0,1.9411764705882353,0.28386335118691275,False,True,False,True,False,False
Bull_education_Lyn,Bull,USA,Education,2418.5,True,0.9817184643510055,26.0,1.5384615384615385,0.27449621507809735,False,True,False,True,False,False
Bull_lodging_Travis,Bull,USA,Lodging/residential,69275.1,True,0.9694546008531383,839.0,1.3179261025029794,0.033523712761656436,False,False,False,True,False,False
Bull_education_Kendra,Bull,USA,Education,16640.3,True,0.9808043875685558,444.0,1.6126126126126126,0.27227615636278885,False,True,True,True,False,False
Bull_education_Clarita,Bull,USA,Education,18546.0,True,0.9581048141377209,328.0,1.298780487804878,0.11947315303138151,False,False,True,True,False,False
Bull_office_Nicolas,Bull,USA,Office,1943.3,False,0.9726538695917124,22.0,1.2727272727272727,-0.36892040322882524,True,True,False,False,False,False
Bull_education_Roland,Bull,USA,Education,20071.7,True,0.9806520414381474,244.0,1.3073770491803278,0.4314712483809453,False,True,True,True,False,False
Bull_lodging_Dave,Bull,USA,Lodging/residential,21733.4,True,0.9818708104814138,317.0,1.3943217665615142,0.1935112514887552,False,True,True,True,False,False
Bull_office_Mai,Bull,USA,Office,792.0,True,0.6905850091407678,6.0,2.3333333333333335,0.3627292036993248,False,False,False,True,False,False
Bull_office_Anne,Bull,USA,Office,1499.0,True,0.981489945155393,20.0,1.35,0.1294109546534948,False,True,False,True,False,False
Bull_lodging_Abby,Bull,USA,Lodging/residential,1054.4,False,0.9816422912858014,13.0,1.6153846153846154,-0.09151356209360442,True,True,False,False,False,False
Bull_lodging_Graciela,Bull,USA,Lodging/residential,961.2,False,0.9713589274832419,12.0,1.5416666666666667,-0.18718092946324083,True,True,False,False,False,False
Bull_lodging_Elena,Bull,USA,Lodging/residential,1043.0,False,0.9816422912858014,6.5,1.7799999999999552,-0.08011881894274879,True,True,False,False,False,False
Bull_lodging_Allen,Bull,USA,Lodging/residential,748.0,False,0.9838513101767216,7.2,3.3666666666666663,0.7323312310236948,True,True,False,True,False,False
Bull_lodging_Charlotte,Bull,USA,Lodging/residential,750.6,False,0.9836989640463132,8.64,2.888888888888889,0.7298624153808966,True,True,False,True,False,False
Bull_lodging_Xavier,Bull,USA,Lodging/residential,750.6,False,0.9838513101767216,6.96,3.172413793103448,0.7388888786601563,True,True,False,True,False,False
Bull_lodging_Jeremiah,Bull,USA,Lodging/residential,5326.5,True,0.9815661182205973,52.0,1.7913461538461468,0.05858013351240892,False,True,True,True,False,False
Bull_assembly_Newton,Bull,USA,Entertainment/public assembly,527.9,False,0.8783516148689823,4.0,3.5,0.19529871923666184,True,False,False,True,False,False
Bull_services_Nadine,Bull,USA,Services,36198.8,False,0.9832419256550884,120.0,1.2916666666666667,0.06854476777565284,True,True,True,True,True,False
Bull_office_Rob,Bull,USA,Office,30885.3,True,0.9767672151127361,252.0,1.6825396825396826,0.27844279048028603,False,True,True,True,False,False
Bull_education_Jae,Bull,USA,Education,16463.9,True,0.9815661182205973,526.0,1.2604562737642586,0.26927510732230237,False,True,True,True,False,False
Bull_education_Nolan,Bull,USA,Education,8512.6,False,0.9838513101767216,64.0,1.515625,0.3188795670494498,True,True,True,True,True,False
Bull_assembly_Lesa,Bull,USA,Entertainment/public assembly,1892.6,True,0.9829372333942717,10.0,2.1,0.5239989974858902,False,True,False,True,False,False
Bull_lodging_Hugo,Bull,USA,Lodging/residential,8062.7,True,0.9823278488726387,69.0,1.5217391304347827,0.12167047142755541,False,True,True,True,False,False
Bull_assembly_Daryl,Bull,USA,Entertainment/public assembly,1491.3,False,0.9517062766605728,32.0,6.908437499999991,0.09661245606948066,True,False,False,True,False,False
Bull_office_Chantel,Bull,USA,Office,9654.9,True,0.9717397928092626,132.0,1.4924242424242424,0.3421129418669399,False,True,True,True,False,False
Bull_education_Mervin,Bull,USA,Education,20255.1,True,0.9817946374162096,187.0,1.3903743315508021,0.2423526655465744,False,True,True,True,False,False
Bull_assembly_Amalia,Bull,USA,Entertainment/public assembly,52377.0,True,0.9818708104814138,562.0,1.5231316725978647,0.0011692022651049148,False,True,True,True,False,False
Bull_education_Delia,Bull,USA,Education,28356.2,True,0.592702620353443,797.0,1.232120451693852,0.07149165429078659,False,False,True,True,False,False
Bull_education_Barry,Bull,USA,Education,18440.1,True,0.9791285801340646,991.0,1.1099899091826437,0.008990370359370505,False,True,False,True,False,False
Bull_office_Efren,Bull,USA,Office,8005.2,True,0.9848415600243754,43.0,2.2093023255813953,0.19030016666050822,False,True,True,True,False,False
Bull_education_Violeta,Bull,USA,Education,10330.3,True,0.9817184643510055,116.0,4.482758620689655,-0.22073189867996187,False,True,True,False,False,False
Bull_assembly_Freddie,Bull,USA,Entertainment/public assembly,21815.4,True,0.9817184643510055,222.0,1.8603603603603605,0.14958518232908904,False,True,True,True,False,False
Bull_education_Dan,Bull,USA,Education,11941.4,True,0.9814137720901889,166.0,1.4819277108433735,0.22315544556128292,False,True,True,True,False,False
Bull_education_Dania,Bull,USA,Education,5215.3,True,0.983622790981109,39.0,1.6666666666666667,0.22979148864418272,False,True,False,True,False,False
Bull_education_Bernice,Bull,USA,Education,14481.9,True,0.9827848872638635,310.0,1.1903225806451614,0.029126266745735572,False,True,True,True,False,False
Bull_public_Hyun,Bull,USA,Public services,45791.7,True,0.9816422912858014,463.0,1.1555075593952484,0.2408375609472031,False,True,True,True,False,False
Bull_lodging_Anibal,Bull,USA,Lodging/residential,4160.6,True,0.9353290676416819,23.0,1.826086956521739,-0.09955993415273467,False,False,False,False,False,False
Bull_education_Nina,Bull,USA,Education,12131.0,True,0.9818708104814138,240.0,1.3541666666666667,0.26979745032284685,False,True,True,True,False,False
Bull_lodging_Danielle,Bull,USA,Lodging/residential,4188.6,True,0.9615326020719074,28.0,1.4642857142857142,-0.01364357870573271,False,False,False,False,False,False
Bull_education_Racheal,Bull,USA,Education,36560.1,True,0.9818708104814138,550.0,1.4727272727272727,0.36502512944095233,False,True,True,True,False,False
Bull_assembly_Gerri,Bull,USA,Entertainment/public assembly,11079.8,True,0.9817946374162096,179.0,1.5195530726256983,0.374620472926386,False,True,True,True,False,False
Bull_education_Linnie,Bull,USA,Education,14307.0,True,0.9818708104814138,187.0,1.7593582887700534,0.3272733617819522,False,True,True,True,False,False
Bull_education_Hayley,Bull,USA,Education,17997.4,True,0.9818708104814138,167.0,1.3892215568862276,0.3357195233698952,False,True,True,True,False,False
Bull_services_Jeanmarie,Bull,USA,Services,32149.6,False,0.9715112736136502,50.0,1.4,0.2082466204387172,True,True,True,True,True,False
Bull_lodging_Melissa,Bull,USA,Lodging/residential,27992.3,True,0.9818708104814138,244.0,1.3729508196721312,0.21226105832193495,False,True,True,True,False,False
Bull_education_Juan,Bull,USA,Education,26212.8,True,0.9818708104814138,202.0,1.7623762376237624,0.3311518739597418,False,True,True,True,False,False
Bull_office_Yvonne,Bull,USA,Office,18019.5,True,0.9815661182205973,152.0,1.6842105263157894,0.27546931793627016,False,True,True,True,False,False
Bull_education_Gregory,Bull,USA,Education,17333.1,True,0.981489945155393,66.0,1.893939393939394,0.4849167078096232,False,True,True,True,False,False
Bull_assembly_Gigi,Bull,USA,Entertainment/public assembly,39620.5,True,0.9719683120048751,344.0,2.0552325581395348,0.2569086034664922,False,True,True,True,False,False
Bull_education_Myra,Bull,USA,Education,5527.5,True,0.9834704448507008,44.0,1.8863636363636365,0.17178418170116933,False,True,True,True,False,False
Bull_office_Ella,Bull,USA,Office,821.0,False,0.9847653869591713,71.0,1.3661971830985915,-0.012293385219744957,True,True,True,False,False,True
Bull_education_Tracey,Bull,USA,Education,24014.6,True,0.9836989640463132,183.0,1.6939890710382515,0.18293538826966838,False,True,True,True,False,False
Bull_assembly_Goldie,Bull,USA,Entertainment/public assembly,4864.1,True,0.9817946374162096,53.0,1.9245283018867925,0.360882304797448,False,True,True,True,False,False
Bull_assembly_Dorethea,Bull,USA,Entertainment/public assembly,3234.8,True,0.9812614259597806,18.0,2.111111111111111,0.11784333743861372,False,True,False,True,False,False
Bull_education_Joseph,Bull,USA,Education,15519.9,True,0.978290676416819,114.04,1.8155033321641527,0.1627789831720518,False,True,True,True,False,False
Bull_services_Rachelle,Bull,USA,Services,34691.5,False,0.9817946374162096,110.0,1.518181818181818,0.3103404419951439,True,True,True,True,True,False
Bull_assembly_Maren,Bull,USA,Entertainment/public assembly,11345.5,True,0.9669408897014016,311.0,1.3762057877813505,0.011816996419306666,False,False,True,True,False,False
Bull_services_Winford,Bull,USA,Services,19904.7,False,0.9818708104814138,47.0,1.4680851063829787,-0.19101245929000185,True,True,True,False,False,True
Bull_office_Ivette,Bull,USA,Office,3229.1,False,0.9739488117001828,23.0,1.565217391304348,0.504248835727204,True,True,False,True,False,False
Bull_office_Marco,Bull,USA,Office,3165.4,False,0.8981566118220597,50.0,2.04,0.620868047151045,True,False,True,True,False,False
Bull_education_Luke,Bull,USA,Education,15458.6,True,0.9818708104814138,287.0,1.6550522648083623,0.2220145274152152,False,True,True,True,False,False
Bull_office_Claudia,Bull,USA,Office,2272.7,False,0.9837751371115173,34.0,1.1176470588235294,-0.10939719603692412,True,True,False,False,False,False
Bull_education_Dora,Bull,USA,Education,15672.4,True,0.9818708104814138,111.0,2.018018018018018,0.3301668991069618,False,True,True,True,False,False
Bull_office_Sally,Bull,USA,Office,7705.3,True,0.9807282145033516,91.0,1.6923076923076923,0.14240875170224007,False,True,True,True,False,False
Bull_education_Olive,Bull,USA,Education,5370.8,True,0.9813375990249847,57.0,2.245614035087719,0.4360272754293358,False,True,True,True,False,False
Bull_office_Debbie,Bull,USA,Office,4782.9,True,0.9796617915904936,24.0,2.3333333333333335,0.28843058594331006,False,True,False,True,False,False
Bull_education_Dottie,Bull,USA,Education,39822.6,True,0.9739488117001828,1399.0,1.187276626161544,0.02324640798557276,False,True,False,True,False,False
Bull_education_Matilda,Bull,USA,Education,10069.9,True,0.8890920170627666,96.0,1.71875,-0.0025106798827822597,False,False,True,False,False,False
Bull_education_Lenny,Bull,USA,Education,4294.9,True,0.9813375990249847,34.0,1.7647058823529411,0.2400948968781112,False,True,False,True,False,False
Bull_education_Stewart,Bull,USA,Education,7212.2,True,0.9838513101767216,125.0,1.368,0.4746492661965351,False,True,True,True,False,False
Bull_office_Trevor,Bull,USA,Office,3546.4,True,0.6707800121876905,47.0,1.6595744680851063,0.117396389223036,False,False,True,True,False,False
Bobcat_education_Miki,Bobcat,USA,Education,16116.7,True,0.8031687995124924,69.36995,2.2941152184771636,-0.10206984847278192,False,False,True,False,False,False
Bobcat_education_Barbra,Bobcat,USA,Education,2538.0,False,0.0,,,,True,False,False,False,False,False
Bobcat_education_Coleman,Bobcat,USA,Education,10551.9,False,0.895109689213894,124.2501,1.6820912015362564,0.2756585271493278,True,False,True,True,False,False
Bobcat_education_Alissa,Bobcat,USA,Education,11254.8,True,0.921084704448507,57.25,2.017468995633188,-0.05237737178491452,False,False,True,False,False,False
Bobcat_other_Jovita,Bobcat,USA,Other,416.4,True,0.8959475929311396,6.0,21.833333333333332,0.7057003217284942,False,False,False,True,False,False
Bobcat_assembly_Franklin,Bobcat,USA,Entertainment/public assembly,15047.4,True,0.9005179768433882,141.49995,3.088341430509339,0.19836459999770945,False,False,True,True,False,False
Bobcat_education_Angela,Bobcat,USA,Education,8802.7,True,0.9195612431444241,81.25,1.9101846153846125,-0.138702414210066,False,False,True,False,False,False
Bobcat_education_Whitney,Bobcat,USA,Education,6957.1,True,0.8248781230956733,388.0,1.8273193711340205,-0.18577497822137118,False,False,True,False,False,False
Bobcat_office_Justine,Bobcat,USA,Office,2445.7,False,0.7183120048750762,18.619950000000003,2.349630369576717,-0.34596853444254055,True,False,False,False,False,False
Bobcat_office_Melody,Bobcat,USA,Office,2503.6,False,0.7257769652650823,53.38,1.4260022480329713,-0.5733718860526357,True,False,True,False,False,False
Bobcat_office_Nikita,Bobcat,USA,Office,3895.7,False,0.9092017062766605,31.25,2.909197279999997,0.3544575725571177,True,False,False,True,False,False
Bobcat_education_Marisha,Bobcat,USA,Education,6913.8,True,0.837903717245582,66.25,1.7736286188679253,-0.2977431170740095,False,False,True,False,False,False
Bobcat_education_Toni,Bobcat,USA,Education,2033.8,True,0.8427787934186471,25.75,1.788132038834955,0.2197339707107742,False,False,False,True,False,False
Bobcat_office_Alma,Bobcat,USA,Office,1060.9,False,0.9102681291895186,4.0,2.75,0.27708370562530427,True,False,False,True,False,False
Bobcat_education_Rodrick,Bobcat,USA,Education,11088.0,False,0.29806520414381477,60.37,1.850566705317211,-0.07361838915771404,True,False,True,False,False,False
Bobcat_education_Karin,Bobcat,USA,Education,6052.1,True,0.46724558196221816,41.25,2.0076792,-0.20063022360789176,False,False,True,False,False,False
Bobcat_education_Monte,Bobcat,USA,Education,2147.2,True,0.6662096282754418,19.0,2.506842105263158,-0.02772929872199173,False,False,False,False,False,False
Bobcat_education_Jayne,Bobcat,USA,Education,6259.5,True,0.8398080438756855,42.4992,3.4368139635569626,-0.1385554048619809,False,False,True,False,False,False
Bobcat_office_Kassandra,Bobcat,USA,Office,4003.6,True,0.818860450944546,36.12,3.1682267165005547,-0.019894127915952162,False,False,False,False,False,False
Bobcat_other_Howard,Bobcat,USA,Other,428.0,True,0.904098110907983,10.2399,66.4839293352474,0.06514267112119151,False,False,False,True,False,False
Bobcat_other_Timothy,Bobcat,USA,Other,938.6,False,0.9203991468616697,18.63,1.9836939345142257,-0.7690090834766993,True,False,False,False,False,False
Bobcat_warehouse_Charlie,Bobcat,USA,Warehouse/storage,2213.2,False,0.0,,,,True,False,False,False,False,False
Bobcat_science_Tammy,Bobcat,USA,Technology/science,10150.9,True,0.20536258379037173,121.25,2.0207832164948463,-0.16142590859406708,False,False,True,False,False,False
Bobcat_education_Dylan,Bobcat,USA,Education,17358.0,True,0.8440737355271176,136.5,1.619047619047619,-0.017100331024476237,False,False,True,False,False,False
Bobcat_public_Angie,Bobcat,USA,Public services,14777.3,True,0.2270719073735527,284.4907,1.4590284322123708,0.15396775487863124,False,False,True,True,False,False
Bobcat_assembly_Camilla,Bobcat,USA,Entertainment/public assembly,3696.4,True,0.837903717245582,20.25,1.4755555555555555,-0.006392521109506071,False,False,False,False,False,False
Bobcat_assembly_Adam,Bobcat,USA,Entertainment/public assembly,2053.2,True,0.8417885435709933,69.5001,1.7823708167326378,-0.3370587256636126,False,False,True,False,False,False
Bobcat_assembly_Billy,Bobcat,USA,Entertainment/public assembly,19859.1,True,0.8270871419865935,132.5,1.6924528301886792,-0.14177938959458564,False,False,True,False,False,False
Bobcat_education_Rosalva,Bobcat,USA,Education,7836.0,True,0.7599024984765387,78.62,1.7807173747138132,-0.06555529088249672,False,False,True,False,False,False
Bobcat_education_Hollis,Bobcat,USA,Education,8173.2,False,0.8402650822669104,149.5,1.3628771906354515,0.24393519129288158,True,False,True,True,False,False
Bobcat_education_Seth,Bobcat,USA,Education,17179.3,True,0.0,,,,False,False,False,False,False,False
Bobcat_education_Emile,Bobcat,USA,Education,5003.3,True,0.2269195612431444,11.1399,2.656920977746657,-0.006984583299622762,False,False,False,False,False,False
Bobcat_lodging_Nickolas,Bobcat,USA,Lodging/residential,4834.1,False,0.9209323583180987,51.5,1.3495145631067962,-0.2484690071645179,True,False,True,False,False,False
Bobcat_lodging_Darin,Bobcat,USA,Lodging/residential,8220.1,False,0.9199421084704449,126.9949,1.7086615289275395,0.10566949047328301,True,False,True,True,False,False
Bobcat_lodging_Melaine,Bobcat,USA,Lodging/residential,3294.8,False,0.9212370505789153,41.38015,1.5376937976300231,-0.1515047997480494,True,False,True,False,False,False
Crow_education_Marlin,Crow,Canada,Education,7561.4,True,0.9753199268738574,146.5,3.9374439590443675,0.7762500794400768,False,True,True,True,False,False
Crow_education_Keisha,Crow,Canada,Education,14173.2,True,0.9981718464351006,292.9375,1.3996159590356305,-0.02025102451670701,False,True,True,False,False,False
Crow_education_Kate,Crow,Canada,Education,6320.2,True,0.9928397318708104,69.0,1.7735989855072465,0.4193824218559856,False,True,True,True,False,False
Crow_education_Winston,Crow,Canada,Education,8659.1,True,0.9929159049360147,240.0,2.453458333333333,0.7703950782989388,False,True,True,True,False,False
Crow_education_Omer,Crow,Canada,Education,11857.4,True,0.9990859232175503,322.5,1.7643410852713177,0.05955976086983397,False,True,True,True,False,False
Shrew_office_Katherine,Shrew,UK,Office,3410.0,False,0.7129798903107861,52.1,1.6207485604606524,0.08432113146301151,True,False,True,True,False,False
Shrew_office_Doris,Shrew,UK,Office,22568.9,False,0.7148080438756855,169.64999999999998,1.9088358384910111,0.1692214238607536,True,False,True,True,False,False
Shrew_office_Rose,Shrew,UK,Office,1058.0,False,0.8277726995734308,10.1,1.9900990099009903,0.14135376402616617,True,False,False,True,False,False
Shrew_office_Lin,Shrew,UK,Office,13995.0,False,0.7146556977452773,335.05,1.7954812714520227,0.3010934677338476,True,False,True,True,False,False
Shrew_office_Kenneth,Shrew,UK,Office,1719.0,False,0.7129798903107861,25.8,2.7225193798449605,-0.44611846917632525,True,False,False,False,False,False
Shrew_office_Nora,Shrew,UK,Office,10203.0,False,0.7148080438756855,166.14999999999998,1.8971832681312069,0.31706816899468654,True,False,True,True,False,False
Shrew_office_Ila,Shrew,UK,Office,10905.0,False,0.7148080438756855,134.0,1.9493805970149252,-0.1348627257742336,True,False,True,False,False,False
Shrew_office_Doug,Shrew,UK,Office,5630.0,False,0.7122943327239488,68.2,1.7170087976539588,0.05446422080209923,True,False,True,True,False,False
Shrew_office_Sherill,Shrew,UK,Office,18098.0,False,0.7148080438756855,254.0,2.224744094488189,0.2550415977583894,True,False,True,True,False,False
Swan_unknown_Reyna,Swan,USA,,6154.5,True,0.31383302864107254,87.7494,1.5901128098881587,0.26874710882473046,False,False,True,True,False,False
Swan_unknown_Douglas,Swan,USA,,7736.2,True,0.26081657525898844,256.59765,1.2206384431034347,0.1334948867702782,False,False,True,True,False,False
Swan_unknown_Ike,Swan,USA,,6928.1,True,0.3141377209018891,37.60665,1.9824872728626453,0.2711347072997642,False,False,False,True,False,False
Swan_unknown_Esteban,Swan,USA,,6976.4,True,0.31352833638025596,108.0106,1.567592440001259,0.1321809379323464,False,False,True,True,False,False
Swan_unknown_Christoper,Swan,USA,,8636.6,True,0.31375685557586835,26.2311,2.1432382172306923,0.15845967272009032,False,False,False,True,False,False
Swan_unknown_Isaiah,Swan,USA,,14806.3,True,0.31406154783668494,102.7458,1.8713847767986622,0.24833666358044038,False,False,True,True,False,False
Swan_unknown_Tom,Swan,USA,,4645.0,True,0.3139853747714808,25.55945,3.016330906963961,0.40186712231366506,False,False,False,True,False,False
Swan_unknown_Jan,Swan,USA,,14952.0,True,0.31406154783668494,318.0411,1.2388367918486005,0.058579805589725954,False,False,True,True,False,False
Swan_unknown_Andres,Swan,USA,,11538.7,True,0.3264777574649604,121.51805,1.565374156349612,0.43686543417564466,False,False,True,True,False,False
Swan_unknown_Jerold,Swan,USA,,7746.6,True,0.25944546008531383,273.6335,1.1653761509464295,-0.006176820366713072,False,False,True,False,False,False
Swan_unknown_Rocco,Swan,USA,,4779.2,True,0.261121267519805,382.5661,1.0925056872524774,-0.009890970098602887,False,False,True,False,False,False
Swan_unknown_Raquel,Swan,USA,,11381.5,True,0.3139092017062767,127.4083,1.5417866810874958,0.19819179071989826,False,False,True,True,False,False
Swan_unknown_Wendy,Swan,USA,,7149.1,True,0.3141377209018891,85.7092,1.2303361249434135,0.3630520692599916,False,False,True,True,False,False
Swan_unknown_Allison,Swan,USA,,1699.8,True,0.31383302864107254,5.5259,3.132424944352956,0.37446071500672545,False,False,False,True,False,False
Swan_unknown_Valeria,Swan,USA,,1238.3,True,0.31444241316270566,56.434799999999996,1.234823194199324,0.1452517191437396,False,False,True,True,False,False
Swan_unknown_Rudy,Swan,USA,,6394.6,True,0.26089274832419257,217.8719,1.1289813326087481,0.013605828243588356,False,False,True,True,False,False
Swan_unknown_Fabian,Swan,USA,,4233.6,True,0.31375685557586835,35.1056,1.4936094526229438,0.34783400864757336,False,False,False,True,False,False
Swan_unknown_Noelia,Swan,USA,,943.9,True,0.3136806825106642,18.381,1.990828953811,0.24521527213798716,False,False,False,True,False,False
Swan_unknown_Bette,Swan,USA,,5777.3,False,0.31421389396709326,33.7487,1.826128650881367,0.28649525445237967,True,False,False,True,False,False
Wolf_education_Anisa,Wolf,Ireland,Education,11008.0,False,0.9651889092017063,190.28,3.2877036472566736,-0.21019259610210023,True,False,True,False,False,False
Wolf_retail_Marcella,Wolf,Ireland,Retail,363.0,False,1.0,6.195,2.6853833736884574,0.02866804297552244,True,True,False,True,False,False
Wolf_office_Joana,Wolf,Ireland,Office,1355.0,False,0.9997714808043876,15.1925,1.7114563106796117,-0.08758470086438605,True,True,False,False,False,False
Wolf_office_Darleen,Wolf,Ireland,Office,5036.0,False,1.0,33.0,2.5757575757575757,0.22694562667558657,True,True,False,True,False,False
Wolf_education_Roderick,Wolf,Ireland,Education,818.0,False,0.9999238269347959,6.3475,1.943765261914139,-0.16578886870478898,True,True,False,False,False,False
Wolf_science_Alfreda,Wolf,Ireland,Technology/science,914.0,False,0.9995429616087751,80.005,1.4515755265295918,-0.12387818592064795,True,True,True,False,False,True
Wolf_education_Katie,Wolf,Ireland,Education,2803.0,False,0.9999238269347959,21.68,2.5847970479704796,0.11001628500240263,True,True,False,True,False,False
Wolf_office_Cary,Wolf,Ireland,Office,11795.0,False,0.9987050578915295,208.26,1.9520707288965717,0.21186027109111377,True,True,True,True,True,False
Wolf_education_Josefa,Wolf,Ireland,Education,750.0,False,0.9996953077391835,5.03,4.0177783300198815,0.09399156882940925,True,True,False,True,False,False
Wolf_office_Nadia,Wolf,Ireland,Office,2745.0,False,0.9998476538695917,63.09125,2.070701166960553,0.24966889704963183,True,True,True,True,True,False
Wolf_office_Elisabeth,Wolf,Ireland,Office,2591.0,False,0.9999238269347959,134.805,1.2740139460702495,0.30872469915496076,True,True,True,True,True,False
Wolf_education_Ursula,Wolf,Ireland,Education,13998.0,False,0.9999238269347959,129.11,2.2341627294555026,0.1503702744774721,True,True,True,True,True,False
Wolf_office_Rochelle,Wolf,Ireland,Office,3115.0,False,0.9998476538695917,12.555,2.9915372361608923,0.12433664595868726,True,True,False,True,False,False
Wolf_education_Laurinda,Wolf,Ireland,Education,18706.0,False,1.0,169.94375000000002,2.7678676032510743,0.14852218746539128,True,True,True,True,True,False
Wolf_public_Norma,Wolf,Ireland,Public services,23500.0,False,1.0,147.18,2.0740155999456444,0.131781249520024,True,True,True,True,True,False
Wolf_education_Cheryl,Wolf,Ireland,Education,25605.0,False,1.0,105.14,2.8913990869317088,0.128032426620563,True,True,True,True,True,False
Wolf_education_Vivian,Wolf,Ireland,Education,8770.0,False,0.9998476538695917,53.988749999999996,2.8619272533629694,0.0796548740806662,True,True,True,True,True,False
Wolf_office_Bobbie,Wolf,Ireland,Office,4691.0,False,0.9998476538695917,20.825,2.5859243697478993,0.14712253367740918,True,True,False,True,False,False
Wolf_education_Cody,Wolf,Ireland,Education,2639.0,False,0.9987050578915295,12.4925,7.482049229537721,0.12587332782865412,True,True,False,True,False,False
Wolf_retail_Toshia,Wolf,Ireland,Retail,4209.0,False,1.0,39.8825,4.497256315426566,0.2304821819676348,True,True,False,True,False,False
Wolf_office_Emanuel,Wolf,Ireland,Office,2005.0,False,0.9998476538695917,13.39875,2.4475697359828343,-0.025663309937204233,True,True,False,False,False,False
Wolf_education_Tori,Wolf,Ireland,Education,19044.9,False,0.9998476538695917,336.83875,1.9785338682084528,0.17037330838655296,True,True,True,True,True,False
Wolf_education_Eulalia,Wolf,Ireland,Education,8056.0,False,0.9997714808043876,52.5475,3.040943907892859,0.17650451855473934,True,True,True,True,True,False
Wolf_education_Clarissa,Wolf,Ireland,Education,6778.0,False,0.9998476538695917,48.11125,1.8305489880225518,0.09399524003800751,True,True,True,True,True,False
Wolf_education_Joaquin,Wolf,Ireland,Education,2450.0,False,0.9998476538695917,70.39375,1.3840184675486107,-0.08141005988120804,True,True,True,False,False,True
Wolf_education_Tammie,Wolf,Ireland,Education,7836.0,False,0.9998476538695917,74.63625,1.7899814098377127,0.2780962643580194,True,True,True,True,True,False
Wolf_assembly_Sallie,Wolf,Ireland,Entertainment/public assembly,10794.0,False,0.9929920780012188,310.74875,1.2550436646969618,0.2486679380873441,True,True,True,True,True,False
Wolf_assembly_Elaine,Wolf,Ireland,Entertainment/public assembly,6671.0,False,0.97775746496039,33.24625,4.680847463999697,0.0025126313599559704,True,True,False,True,False,False
Wolf_retail_Harriett,Wolf,Ireland,Retail,4108.0,False,0.9745581962218159,41.81125,2.210003886513797,0.09484723031385385,True,True,True,True,True,False
Wolf_education_Dolores,Wolf,Ireland,Education,6117.0,False,0.9998476538695917,25.34,3.615602801894238,0.11079932741233836,True,True,False,True,False,False
Wolf_education_Miguel,Wolf,Ireland,Education,5403.0,False,0.9993906154783668,25.901249999999997,3.159537667101008,0.1044089670463039,True,True,False,True,False,False
Wolf_education_Loren,Wolf,Ireland,Education,12190.0,False,0.9998476538695917,189.77875,2.2057165251641715,0.1426506791211141,True,True,True,True,True,False
Wolf_office_Haydee,Wolf,Ireland,Office,1129.0,False,0.9999238269347959,6.565,4.198964204112719,-0.024187587854270234,True,True,False,False,False,False
Wolf_education_Arnulfo,Wolf,Ireland,Education,5184.0,False,0.9711304082876295,29.7975,2.7800251698968035,-0.017848875782764322,True,True,False,False,False,False
Wolf_education_Dorris,Wolf,Ireland,Education,11678.0,False,0.9999238269347959,288.6825,1.6443159872870714,0.179759952790364,True,True,True,True,True,False
Wolf_education_Bobby,Wolf,Ireland,Education,10494.0,False,0.9769195612431444,74.6975,2.6833187188326244,0.08723099707822186,True,True,True,True,True,False
Hog_office_Leon,Hog,USA,Office,1938.3,False,0.9999238269347959,6.3,2.4444444444444446,0.060973249323202715,True,True,False,True,False,False
Hog_lodging_Shonda,Hog,USA,Lodging/residential,21437.1,True,0.9999238269347959,103.0,1.5217475728155319,-0.03450705220103274,False,True,True,False,False,False
Hog_office_Patrick,Hog,USA,Office,964.8,False,0.999466788543571,9.536,2.6315016778523486,0.3523097915793531,True,True,False,True,False,False
Hog_office_Rolando,Hog,USA,Office,18033.5,True,0.9999238269347959,131.0,4.068702290076335,-0.2528287272373913,False,True,True,False,False,False
Hog_office_Nancie,Hog,USA,Office,8348.1,True,1.0,46.340500000000006,3.0182889696917377,0.04857324286784925,False,True,True,True,False,False
Hog_office_Migdalia,Hog,USA,Office,6754.9,False,0.9999238269347959,29.891,2.270539627312569,0.23535748645871427,True,True,False,True,False,False
Hog_lodging_Celeste,Hog,USA,Lodging/residential,10874.7,False,0.9999238269347959,92.766,1.604634456589698,-0.1365166360674313,True,True,True,False,False,True
Hog_assembly_Edward,Hog,USA,Entertainment/public assembly,1807.3,True,0.1413010359536868,4.98,2.561445783132531,0.04733593058912815,False,False,False,True,False,False
Hog_education_Darryl,Hog,USA,Education,994.3,False,0.170551492992078,5.97,2.255644891122278,0.545697063377439,True,False,False,True,False,False
Hog_assembly_Annemarie,Hog,USA,Entertainment/public assembly,7472.9,True,0.0,,,,False,False,False,False,False,False
Hog_education_Jared,Hog,USA,Education,1317.8,True,0.9897928092626447,10.085,3.4790699058006935,-0.08066779623338517,False,True,False,False,False,False
Hog_assembly_Arlie,Hog,USA,Entertainment/public assembly,11058.2,True,0.0,,,,False,False,False,False,False,False
Hog_education_Leandro,Hog,USA,Education,19241.6,True,0.9964960390006093,445.692,1.468723288728539,0.43889426919237273,False,True,True,True,False,False
Hog_industrial_Mariah,Hog,USA,Manufacturing/industrial,1065.6,False,1.0,17.62,1.8458677639046535,-0.013587034714862967,True,True,False,False,False,False
Hog_office_Mack,Hog,USA,Office,5332.1,False,0.9902498476538696,82.31650000000002,1.8346409286109102,0.49632911072829733,True,True,True,True,True,False
Hog_education_Roberto,Hog,USA,Education,9365.8,True,0.9998476538695917,166.5925,2.1707144679382324,-0.05482180376684022,False,True,True,False,False,False
Hog_office_Eloise,Hog,USA,Office,11419.8,True,0.9999238269347959,324.158,1.2539534424570733,0.15352820324577157,False,True,True,True,False,False
Hog_office_Bill,Hog,USA,Office,13375.5,False,1.0,293.52250000000004,1.7057135313306468,0.6900175342855064,True,True,True,True,True,False
Hog_office_Valda,Hog,USA,Office,5255.4,False,1.0,22.5995,3.355503882829264,0.2857141670623299,True,True,False,True,False,False
Hog_education_Janell,Hog,USA,Education,26718.3,True,0.9987812309567337,2879.3,2.658712186989892,0.5982690444222514,False,True,False,True,False,False
Hog_office_Sonny,Hog,USA,Office,5837.7,False,0.9941346739792809,227.908,1.9043561437071101,0.6546913444004062,True,True,True,True,True,False
Hog_office_Garrett,Hog,USA,Office,28339.8,True,1.0,306.49699999999996,3.1477609242504823,0.3973556717387968,False,True,True,True,False,False
Hog_lodging_Ora,Hog,USA,Lodging/residential,21678.1,True,1.0,204.0,1.6029411764705883,-0.09043627742259566,False,True,True,False,False,False
Hog_office_Elnora,Hog,USA,Office,9770.3,True,0.9999238269347959,666.7330000000002,1.3390430952120258,0.7055503642094874,False,True,True,True,False,False
Hog_office_Cordelia,Hog,USA,Office,4420.1,True,0.9999238269347959,19.418,3.5635781233906685,0.337228982316897,False,True,False,True,False,False
Hog_office_Gustavo,Hog,USA,Office,6582.4,True,1.0,569.8169999999999,1.8415691178044882,-0.17792561808661833,False,True,True,False,False,False
Hog_education_Hallie,Hog,USA,Education,2996.7,True,0.9999238269347959,63.284,1.3144769610012008,-0.11334015394984341,False,True,True,False,False,False
Hog_parking_Jeana,Hog,USA,Parking,7782.7,False,0.9895642900670323,29.54300000000001,2.1782317300206473,-0.6804679661816122,True,True,False,False,False,False
Hog_office_Josefina,Hog,USA,Office,14636.4,True,0.9999238269347959,176.916,1.4939745415903594,0.07765477211216712,False,True,True,True,False,False
Hog_office_Marlena,Hog,USA,Office,12239.5,True,0.9909354052407069,34.361,6.0894374436134004,0.06799744996980865,False,True,False,True,False,False
Hog_education_Robert,Hog,USA,Education,30925.9,False,0.9998476538695917,504.59900000000005,2.156582751848497,0.4887399122887918,True,True,True,True,True,False
Hog_lodging_Mauricio,Hog,USA,Lodging/residential,16251.0,False,0.9998476538695917,201.0,1.8208955223880596,0.7872743981248197,True,True,True,True,True,False
Hog_office_Almeda,Hog,USA,Office,6683.1,True,1.0,57.888999999999996,2.0648442709323014,-0.03550909897691754,False,True,True,False,False,False
Hog_office_Man,Hog,USA,Office,8099.9,False,0.9999238269347959,61.104,1.4251528541503011,0.28579193354900573,True,True,True,True,True,False
Hog_other_Tobias,Hog,USA,Other,2220.7,False,1.0,37.328,1.8819583154736386,-0.47451673514879367,True,True,False,False,False,False
Hog_public_Octavia,Hog,USA,Public services,18554.8,True,1.0,194.446,1.6133531160322143,-0.17376799710793434,False,True,True,False,False,False
Hog_food_Morgan,Hog,USA,Food sales and service,3085.8,False,1.0,50.926,2.408407689588815,-0.22638109319764071,True,True,True,False,False,True
Hog_office_Randi,Hog,USA,Office,8556.3,False,0.9997714808043876,69.0,3.8399188405797107,0.334045444595782,True,True,True,True,True,False
Hog_education_Sonia,Hog,USA,Education,17103.3,True,0.9991620962827544,600.6080000000002,1.3901878762853639,0.25471572331465714,False,True,True,True,False,False
Hog_parking_Shannon,Hog,USA,Parking,63138.2,False,1.0,106.1155,1.8853798926641252,-0.7185925295967331,True,True,True,False,False,True
Hog_office_Charla,Hog,USA,Office,9493.9,True,0.9999238269347959,175.5,1.3306630199430198,-0.05504779304449153,False,True,True,False,False,False
Hog_office_Buford,Hog,USA,Office,2521.9,False,0.9956581352833638,1.246,2.4365971107544087,0.32164452411175654,True,True,False,True,False,False
Hog_office_Mari,Hog,USA,Office,6302.4,False,0.9999238269347959,40.334,4.133523578122673,0.5177841443017209,True,True,True,True,True,False
Hog_office_Alisha,Hog,USA,Office,3103.1,False,0.6189061547836685,11.6,1.653448275862069,0.7295597644228282,True,False,False,True,False,False
Hog_other_Lynette,Hog,USA,Other,6021.0,False,0.9987812309567337,3.4,1.2352941176470589,-0.392221016234359,True,True,False,False,False,False
Hog_services_Joe,Hog,USA,Services,3904.5,False,0.9987812309567337,23.137999999999998,3.1431497968709463,0.3757055157625247,True,True,False,True,False,False
Hog_office_Lizzie,Hog,USA,Office,10351.6,False,1.0,95.76,1.60356746031746,0.16792389210869016,True,True,True,True,True,False
Hog_services_Kerrie,Hog,USA,Services,2501.5,False,1.0,18.18,1.8442040704070402,0.0736513072462678,True,True,False,True,False,False
Hog_office_Corie,Hog,USA,Office,11102.7,True,0.9998476538695917,84.0,2.0,0.03266650809062212,False,True,True,True,False,False
Hog_services_Marshall,Hog,USA,Services,6506.9,False,0.9983241925655089,74.9745,1.8679117566639325,0.6839879704943518,True,True,True,True,True,False
Hog_education_Wayne,Hog,USA,Education,7964.8,True,0.9993906154783668,156.24304999999998,1.7047975573953529,0.35269247675757076,False,True,True,True,False,False
Hog_office_Shon,Hog,USA,Office,7837.8,True,1.0,71.4615,2.062443553521826,-0.004491709803637418,False,True,True,False,False,False
Hog_office_Sherrie,Hog,USA,Office,8639.4,False,1.0,32.58,3.4934874155923876,0.3220317437172499,True,True,False,True,False,False
Hog_lodging_Hal,Hog,USA,Lodging/residential,14241.9,False,1.0,139.0505,1.9919107086993575,0.3788680332145608,True,True,True,True,True,False
Hog_parking_Marcus,Hog,USA,Parking,25222.4,False,0.9971054235222425,79.418,2.242522979677152,-0.8375383471511437,True,True,True,False,False,True
Hog_education_George,Hog,USA,Education,6719.9,True,0.9969530773918343,206.331,1.3784618889066598,0.5673072245276758,False,True,True,True,False,False
Hog_office_Sydney,Hog,USA,Office,8094.7,True,1.0,122.82650000000001,1.431808526661592,0.1216325171421705,False,True,True,True,False,False
Hog_office_Clemencia,Hog,USA,Office,5453.7,False,0.98088056063376,74.679,1.5060448050991577,-0.15026998133501238,True,True,True,False,False,True
Hog_office_Napoleon,Hog,USA,Office,12365.4,True,1.0,122.27950000000001,1.6340228738259475,0.0982705504368587,False,True,True,True,False,False
Hog_education_Casandra,Hog,USA,Education,26033.7,True,1.0,892.3879999999999,2.382161234799213,0.7194631534160523,False,True,False,True,False,False
Hog_office_Carri,Hog,USA,Office,2365.6,False,0.9952772699573431,29.436500000000002,2.754656633770999,0.520521269307302,True,True,False,True,False,False
Hog_office_Bryan,Hog,USA,Office,9655.0,True,0.3242687385740402,75.03,2.160437158469945,0.10839915425372054,False,False,True,True,False,False
Hog_office_Leanne,Hog,USA,Office,7646.1,True,0.9999238269347959,121.117,1.5204960492746682,0.05905591565074152,False,True,True,True,False,False
Hog_office_Lanell,Hog,USA,Office,14209.1,True,1.0,133.64350000000002,2.7449435999506138,0.21285715806291752,False,True,True,True,False,False
Hog_education_Bruno,Hog,USA,Education,13972.0,True,0.9998476538695917,251.329,1.388063056790104,0.1537530415733364,False,True,True,True,False,False
Hog_office_Myles,Hog,USA,Office,7412.0,True,1.0,40.7135,2.738711238287054,0.0726881794127068,False,True,True,True,False,False
Hog_office_Simon,Hog,USA,Office,2550.4,True,0.9998476538695917,14.0,3.142857142857143,0.183118928558254,False,True,False,True,False,False
Hog_education_Rachael,Hog,USA,Education,3715.0,False,1.0,68.8605,2.0765261652180853,0.7247937416369863,True,True,True,True,True,False
Hog_office_Joey,Hog,USA,Office,31275.8,True,0.9998476538695917,973.903,3.191714164552322,0.3702230056634436,False,True,False,True,False,False
Hog_education_Odell,Hog,USA,Education,14537.7,True,0.9980195003046922,510.31500000000005,1.4111674553951976,0.4895853197193211,False,True,True,True,False,False
Hog_parking_Antoinette,Hog,USA,Parking,1949.7,False,0.9999238269347959,19.0,1.736842105263158,-0.27262082822068723,True,True,False,False,False,False
Hog_office_Elke,Hog,USA,Office,9635.7,True,0.9998476538695917,49.0,2.6530612244897958,0.08563200850525926,False,True,True,True,False,False
Hog_office_Bessie,Hog,USA,Office,8975.5,True,1.0,65.0,2.3230769230769233,0.2467295661168742,False,True,True,True,False,False
Hog_office_Sarah,Hog,USA,Office,14150.2,True,0.9998476538695917,446.1065,1.1983965712223428,-0.07213297743854183,False,True,True,False,False,False
Hog_public_Gerard,Hog,USA,Public services,7725.3,True,1.0,56.688500000000005,1.68714042530672,0.023802782563333416,False,True,True,True,False,False
Hog_assembly_Colette,Hog,USA,Entertainment/public assembly,21783.5,False,1.0,312.7815,2.8106202253010486,0.5488876971570211,True,True,True,True,True,False
Hog_office_Byron,Hog,USA,Office,80038.2,True,0.9907830591102986,877.17,1.5351716314967454,0.09396053396475751,False,True,False,True,False,False
Hog_office_Shawnna,Hog,USA,Office,27312.6,False,1.0,391.803,2.0300713113477946,0.42960290528908995,True,True,True,True,True,False
Hog_office_Shawna,Hog,USA,Office,18213.0,True,1.0,159.0525,1.7194015183665767,0.13271579251275123,False,True,True,True,False,False
Hog_office_Terry,Hog,USA,Office,24854.9,True,0.9992382693479586,430.6135,5.028355358111161,0.7824411505755304,False,True,True,True,False,False
Hog_office_Catharine,Hog,USA,Office,11042.3,True,0.9773004265691652,389.4125,2.5050951112252426,0.3149798249491604,False,True,True,True,False,False
Hog_science_Max,Hog,USA,Technology/science,8310.7,False,0.9640463132236441,143.0,1.3006993006993006,-0.1176395584632504,True,False,True,False,False,False
Hog_lodging_Shanti,Hog,USA,Lodging/residential,24355.1,True,1.0,264.94,1.7430260058881255,-0.20487918392045795,False,True,True,False,False,False
Hog_education_Caridad,Hog,USA,Education,24153.8,True,0.9944393662400975,1167.072,3.438580241835979,0.555063605198423,False,True,False,True,False,False
Hog_education_Haywood,Hog,USA,Education,3447.4,True,0.9904021937842779,137.94849999999997,1.1391772291833548,0.12015992851705018,False,True,True,True,False,False
Hog_public_Crystal,Hog,USA,Public services,27388.9,True,1.0,287.8695,1.9763201381181397,0.5570049790212134,False,True,True,True,False,False
Hog_office_Cornell,Hog,USA,Office,62385.0,True,0.9888025594149908,1307.005,2.2399622036641045,0.5993691311994566,False,True,False,True,False,False
Hog_office_Marlene,Hog,USA,Office,7451.3,True,0.9895642900670323,35.085,3.6857374946558363,0.3298176768289603,False,True,False,True,False,False
Hog_office_Mary,Hog,USA,Office,4931.0,True,1.0,29.1705,2.1910409489038583,0.0004117728801033583,False,True,False,True,False,False
Hog_office_Guadalupe,Hog,USA,Office,6778.0,True,0.9999238269347959,42.0,2.5714285714285716,-0.1293459242879571,False,True,True,False,False,False
Hog_parking_Bernardo,Hog,USA,Parking,7796.3,True,0.9998476538695917,59.0,1.8983050847457628,0.05735836829229178,False,True,True,True,False,False
Hog_office_Betsy,Hog,USA,Office,23175.3,True,1.0,434.513,5.024220541157568,0.7428609219631502,False,True,True,True,False,False
Hog_office_Alexis,Hog,USA,Office,2693.4,False,0.9998476538695917,16.188,3.690665925376823,0.16275548861327227,True,True,False,True,False,False
Hog_office_Mike,Hog,USA,Office,5924.5,False,1.0,57.7235,1.9832839311545554,0.2872388128211496,True,True,True,True,True,False
Hog_office_Catalina,Hog,USA,Office,4900.4,True,0.9897928092626447,39.524,4.877262675842526,-0.18018822587817002,False,True,False,False,False,False
Hog_office_Nia,Hog,USA,Office,53614.4,True,0.9804996953077392,1437.7089999999998,3.0481295658579026,0.6609463807560445,False,True,False,True,False,False
Hog_education_Cathleen,Hog,USA,Education,14440.7,True,0.6057282145033516,518.0,1.306949806949807,0.22469132491516713,False,False,True,True,False,False
Hog_office_Marilyn,Hog,USA,Office,5525.5,False,0.9895642900670323,37.529,1.8613205787524316,0.3895148789369043,True,True,False,True,False,False
Hog_lodging_Edgar,Hog,USA,Lodging/residential,16494.9,False,1.0,137.0,1.6642335766423357,-0.26736719350151184,True,True,True,False,False,True
Hog_industrial_Joanne,Hog,USA,Manufacturing/industrial,5281.6,False,1.0,147.1615,1.9819003611678327,-0.0007608961701812331,True,True,True,False,False,True
Hog_industrial_Jay,Hog,USA,Manufacturing/industrial,5931.6,False,0.9997714808043876,221.548,1.6396948742484698,-0.14327707152239355,True,True,True,False,False,True
Hog_industrial_Jeremy,Hog,USA,Manufacturing/industrial,1216.2,False,1.0,39.748000000000005,2.36346583475898,-0.20613335833302052,True,True,False,False,False,False
Hog_other_Noma,Hog,USA,Other,2568.6,False,1.0,26.570000000000007,1.3674719608581103,0.055493686057367805,True,True,False,True,False,False
Hog_industrial_Quentin,Hog,USA,Manufacturing/industrial,7559.7,False,1.0,81.0495,3.441034182814206,0.3961833608474995,True,True,True,True,True,False
Hog_education_Beth,Hog,USA,Education,13254.7,True,0.999466788543571,99.691,1.9146442507347698,0.03848653844235823,False,True,True,True,False,False
Hog_office_Emmanuel,Hog,USA,Office,1899.3,True,0.9907068860450945,26.386000000000003,1.6578810732964449,-0.043469938206039345,False,True,False,False,False,False
Hog_education_Jordan,Hog,USA,Education,12362.8,False,1.0,111.426,1.590536499560246,0.3033061638394015,True,True,True,True,True,False
Hog_assembly_Maribel,Hog,USA,Entertainment/public assembly,13306.3,True,0.9997714808043876,865.0,1.6887398843930639,0.41442327396392914,False,True,False,True,False,False
Hog_education_Josh,Hog,USA,Education,5630.5,False,0.8179463741620963,145.14249999999998,2.1509475859930745,-0.24832133427528733,True,False,True,False,False,False
Hog_warehouse_Louise,Hog,USA,Warehouse/storage,6185.9,False,0.9999238269347959,8.0,4.125,-0.04545411928368759,True,True,False,False,False,False
Hog_assembly_Dona,Hog,USA,Entertainment/public assembly,15501.4,False,1.0,290.0955,1.7005707086114727,0.1550734104628303,True,True,True,True,True,False
Hog_lodging_Nikki,Hog,USA,Lodging/residential,6929.1,False,1.0,52.63700000000001,2.0203159374584407,0.4371594938461574,True,True,True,True,True,False
Hog_office_Corey,Hog,USA,Office,12033.9,True,0.9919256550883607,119.79050000000001,1.6164633255558662,-0.12355352196385803,False,True,True,False,False,False
Hog_lodging_Francisco,Hog,USA,Lodging/residential,14592.3,False,1.0,150.988,1.858194492277532,-0.062122307603151565,True,True,True,False,False,True
Hog_office_Merilyn,Hog,USA,Office,3446.3,False,1.0,26.5035,1.8003376912483253,0.7514056571316994,True,True,False,True,False,False
Hog_office_Roger,Hog,USA,Office,9124.2,True,0.9977148080438757,276.88599999999997,1.2542372312070675,0.03707464479375644,False,True,True,True,False,False
Hog_office_Elsy,Hog,USA,Office,3698.2,False,0.9995429616087751,25.219,1.971923946231016,0.07466484390281436,True,True,False,True,False,False
Hog_assembly_Marilynn,Hog,USA,Entertainment/public assembly,756.4,False,0.0,,,,True,False,False,False,False,False
Hog_education_Luvenia,Hog,USA,Education,17851.5,True,0.9990097501523462,428.296,1.6506339540878274,0.24289067714941773,False,True,True,True,False,False
Hog_office_Cortney,Hog,USA,Office,9895.2,True,0.9920018281535649,46.262,3.707230556396178,0.06107380533400973,False,True,True,True,False,False
Hog_office_Sung,Hog,USA,Office,3328.6,False,0.9877361365021329,42.94,2.1294108057755015,0.38024171506782445,True,True,True,True,True,False
Hog_office_Lavon,Hog,USA,Office,1530.3,False,1.0,20.882500000000004,91.2654169759367,0.572616586678498,True,True,False,True,False,False
Hog_assembly_Jasmine,Hog,USA,Entertainment/public assembly,5314.1,True,1.0,88.97250000000001,1.4993777852707293,0.3634535230530421,False,True,True,True,False,False
Hog_services_Adrianna,Hog,USA,Services,4696.4,False,1.0,219.48250000000002,2.4930392628113864,-0.015508394301159092,True,True,True,False,False,True
Hog_education_Jewel,Hog,USA,Education,7912.0,True,1.0,61.7405,1.7245500117426968,0.1238081924582028,False,True,True,True,False,False
Hog_assembly_Una,Hog,USA,Entertainment/public assembly,8872.2,False,0.0,,,,True,False,False,False,False,False
Hog_warehouse_Rosanna,Hog,USA,Warehouse/storage,981.0,False,1.0,20.012,1.6907075754547265,-0.02919581814721162,True,True,False,False,False,False
Hog_office_Judith,Hog,USA,Office,18626.2,False,0.0,,,,True,False,False,False,False,False
Hog_assembly_Letha,Hog,USA,Entertainment/public assembly,50664.7,False,0.9804996953077392,613.1605,1.7193217925812248,-0.2849651934892449,True,True,True,False,False,True
Hog_education_Donnie,Hog,USA,Education,6837.4,True,1.0,56.3985,4.680700905165915,0.6450968088149108,False,True,True,True,False,False
Hog_office_Darline,Hog,USA,Office,1561.2,True,0.9891834247410116,179.63349999999997,1.249767721499609,0.17884604875855398,False,True,True,True,False,False
Hog_lodging_Brian,Hog,USA,Lodging/residential,12876.5,True,0.9999238269347959,98.0,1.7346938775510203,-0.270641958005327,False,True,True,False,False,False
Hog_parking_Jean,Hog,USA,Parking,16561.8,False,1.0,38.659,4.4780754804832,-0.9179535826117621,True,True,False,False,False,False
Hog_office_Thomas,Hog,USA,Office,2092.9,False,0.9955057891529555,42.0,4.238095238095238,-0.4954544228504029,True,True,True,False,False,True
Hog_office_Richelle,Hog,USA,Office,9285.3,True,0.9999238269347959,75.569,1.895175270282787,0.0401890443266408,False,True,True,True,False,False
Hog_health_Jenny,Hog,USA,Healthcare,6916.0,True,0.998933577087142,169.1655,1.508178145070951,0.009255871556643458,False,True,True,True,False,False
Hog_health_Hisako,Hog,USA,Healthcare,11295.6,True,0.999466788543571,199.572,1.3518158859960316,0.17965738459933833,False,True,True,True,False,False
Hog_health_Kesha,Hog,USA,Healthcare,10757.1,False,0.9992382693479586,235.591,1.3250965019886158,-0.045827577571125065,True,True,True,False,False,True
Hog_office_Elizbeth,Hog,USA,Office,8593.5,True,0.9986288848263254,129.42149999999998,1.4859829317385445,0.250466423862793,False,True,True,True,False,False
Hog_office_Denita,Hog,USA,Office,8824.7,True,1.0,46.7145,2.5792751715206195,0.11103285719725606,False,True,True,True,False,False
Hog_public_Brad,Hog,USA,Public services,22066.1,True,0.9993144424131627,1009.611,1.1844718807540726,-0.08562268259602758,False,True,False,False,False,False
Hog_parking_Joan,Hog,USA,Parking,49007.2,False,7.617306520414382e-05,0.75,1.0,,True,False,False,False,False,False
Hog_warehouse_Porsha,Hog,USA,Warehouse/storage,3666.3,False,0.9997714808043876,6.4670000000000005,4.248115045616205,-0.4154504695711154,True,True,False,False,False,False
Hog_office_Candi,Hog,USA,Office,18156.7,True,0.9976386349786716,303.518,1.5511998629405834,0.23267473780906467,False,True,True,True,False,False
Hog_parking_Cliff,Hog,USA,Parking,9320.8,False,0.9970292504570384,99.559,1.7563760182404373,0.4620820361120778,True,True,True,True,True,False
Hog_office_Miriam,Hog,USA,Office,1418.5,True,1.0,21.1145,1.8415960595799097,0.2881045957958805,False,True,False,True,False,False
Hog_education_Madge,Hog,USA,Education,6786.0,True,1.0,85.0835,1.6235565062556194,0.07740744966660909,False,True,True,True,False,False
Hog_assembly_Pedro,Hog,USA,Entertainment/public assembly,24942.6,True,0.9999238269347959,187.488,3.101266961085509,-0.27148721601735715,False,True,True,False,False,False
Hog_office_Vera,Hog,USA,Office,8483.5,True,0.9999238269347959,98.0,2.2653061224489797,-0.1381493480059767,False,True,True,False,False,False
Hog_public_Kevin,Hog,USA,Public services,35416.6,True,1.0,456.9095,3.4947165904845447,0.5795038987592257,False,True,True,True,False,False
Hog_office_Concetta,Hog,USA,Office,2699.9,False,0.4360146252285192,8.0,6.25,0.27730493748000984,True,False,False,True,False,False
Hog_lodging_Retha,Hog,USA,Lodging/residential,17389.0,False,0.9769195612431444,351.685,1.4876516200577223,-0.2385607354738933,True,True,True,False,False,True
Eagle_office_Lillian,Eagle,USA,Office,4844.1,True,0.9583333333333334,70.6716,2.149998868003558,0.09260407897442037,False,False,True,True,False,False
Eagle_office_Henriette,Eagle,USA,Office,2181.5,True,0.9939061547836685,24.0023,1.9998083516996286,0.012114557538177872,False,True,False,True,False,False
Eagle_office_Tia,Eagle,USA,Office,11403.5,True,0.9450030469226082,178.3282,1.570776242904936,-0.13406424372393752,False,False,True,False,False,False
Eagle_education_Eileen,Eagle,USA,Education,2600.8,True,0.9450030469226082,40.6718,1.5707763118426035,-0.13406448905281376,False,False,True,False,False,False
Eagle_education_April,Eagle,USA,Education,7144.5,True,0.7723187081048142,52.82,1.2321715259371449,0.2480151509380436,False,False,True,True,False,False
Eagle_office_Yadira,Eagle,USA,Office,15101.3,True,0.9880408287629494,132.1287,1.8126052099203274,0.08919260953043472,False,True,True,True,False,False
Eagle_office_Mable,Eagle,USA,Office,2568.4,True,0.991011578305911,16.16,1.643561571782178,0.09084059696677084,False,True,False,True,False,False
Eagle_office_Ryan,Eagle,USA,Office,2092.5,True,0.9838513101767216,24.0,2.0,0.15679727859498613,False,True,False,True,False,False
Eagle_education_Maragret,Eagle,USA,Education,1228.2,False,0.984613040828763,22.0,1.4090909090909092,0.3125287927532593,True,True,False,True,False,False
Eagle_education_Jewell,Eagle,USA,Education,16845.9,True,0.8868068251066423,240.0,1.2667003375,-0.02483142457960583,False,False,True,False,False,False
Eagle_education_Paul,Eagle,USA,Education,4008.1,True,0.8449116392443632,28.9638,1.933337476436103,-0.0169580820332896,False,False,False,False,False,False
Eagle_education_Sheena,Eagle,USA,Education,4277.0,True,0.8449116392443632,30.9067,1.9333348432540516,-0.016984552574422242,False,False,False,False,False,False
Eagle_public_Preston,Eagle,USA,Public services,25861.3,True,0.9941346739792809,341.0625,1.4300714678394721,0.08687061627403316,False,True,True,True,False,False
Eagle_office_Jackie,Eagle,USA,Office,5737.3,True,0.9868982327848873,70.0,1.6,0.251045462808887,False,True,True,True,False,False
Eagle_office_Elvis,Eagle,USA,Office,3972.1,True,0.9870505789152956,49.0,1.9591836734693877,-0.10853157984818514,False,True,True,False,False,False
Eagle_office_Patrice,Eagle,USA,Office,12050.2,True,0.9870505789152956,77.9,1.9017073170731709,0.03390911584985849,False,True,True,True,False,False
Eagle_office_Sheree,Eagle,USA,Office,2907.9,True,0.9891834247410116,48.0,1.625,0.1709824276836689,False,True,True,True,False,False
Eagle_public_Minnie,Eagle,USA,Public services,6807.7,True,0.9726538695917124,150.0,1.68,-0.2877955479539727,False,True,True,False,False,False
Eagle_health_Athena,Eagle,USA,Healthcare,18040.6,True,0.7587599024984766,341.0,1.9349340175953078,0.01201828209019442,False,False,True,True,False,False
Eagle_office_Isidro,Eagle,USA,Office,2217.7,True,0.9869744058500914,18.0,3.0,0.06887671173767689,False,True,False,True,False,False
Eagle_health_Jodi,Eagle,USA,Healthcare,22083.4,True,0.9928397318708104,159.07415,1.739264575671157,0.14299267192040524,False,True,True,True,False,False
Eagle_public_Ola,Eagle,USA,Public services,8874.7,True,0.9712827544180378,127.0,1.5520472440944884,0.17506061729000638,False,True,True,True,False,False
Eagle_health_Vincenza,Eagle,USA,Healthcare,3284.5,True,0.9929920780012188,55.3125,1.5962146892655362,0.13578633806252385,False,True,True,True,False,False
Eagle_office_Lane,Eagle,USA,Office,4675.5,True,0.9854509445460086,45.0,1.6222222222222222,0.12932144524939784,False,True,True,True,False,False
Eagle_food_Kay,Eagle,USA,Food sales and service,6491.7,True,0.9662553321145643,180.0125,1.839945559336157,0.0018555676203261678,False,False,True,True,False,False
Eagle_office_Freida,Eagle,USA,Office,7246.6,True,0.9869744058500914,66.0,1.606060606060606,0.03624982845388714,False,True,True,True,False,False
Eagle_office_Francis,Eagle,USA,Office,14807.3,True,0.9870505789152956,346.0,1.3034682080924855,-0.12866989012676347,False,True,True,False,False,False
Eagle_education_Shante,Eagle,USA,Education,21566.4,True,0.9443174893357709,616.4379,1.2006187030356175,0.11811816180732744,False,False,True,True,False,False
Eagle_education_Shanna,Eagle,USA,Education,9718.0,True,0.9875076173065204,277.0,1.740072202166065,-0.5796092742767855,False,True,True,False,False,False
Eagle_education_Luther,Eagle,USA,Education,10799.9,True,0.9941346739792809,463.99800000000016,1.150854098509045,0.009827884551715994,False,True,True,True,False,False
Eagle_education_Samantha,Eagle,USA,Education,12518.5,True,0.9990859232175503,270.3437,1.2869440086822812,0.26110501803065955,False,True,True,True,False,False
Eagle_education_Petra,Eagle,USA,Education,2320.6,True,0.9870505789152956,64.0,1.46875,0.042403555398047424,False,True,True,True,False,False
Eagle_office_Chantelle,Eagle,USA,Office,2202.0,True,0.9044028031687995,33.256,1.6972426028385854,-0.40942248743205095,False,False,False,False,False,False
Eagle_office_Dallas,Eagle,USA,Office,3522.6,False,0.990478366849482,46.625,2.289544235924933,0.670373454662084,True,True,True,True,True,False
Eagle_office_Bridgett,Eagle,USA,Office,5692.5,False,0.9942870201096892,186.8748,1.643837478354492,0.5210242189653683,True,True,True,True,True,False
Eagle_education_Brooke,Eagle,USA,Education,25384.3,True,0.9977909811090798,919.6875,1.1778322593272172,-0.22856184563142187,False,True,False,False,False,False
Eagle_education_Wesley,Eagle,USA,Education,6604.3,True,0.9870505789152956,129.0,1.558139534883721,-0.00012495602980560022,False,True,True,False,False,False
Eagle_office_Donovan,Eagle,USA,Office,8031.9,True,0.9944393662400975,61.03,2.460970014746845,-0.12466739197953139,False,True,True,False,False,False
Eagle_office_Flossie,Eagle,USA,Office,3989.4,False,0.990478366849482,153.0625,1.5475704369130256,0.4260613768377285,True,True,True,True,True,False
Eagle_office_Randolph,Eagle,USA,Office,6038.7,True,0.9940585009140768,112.49,1.6656156102764692,0.08682861306551691,False,True,True,True,False,False
Eagle_education_Norah,Eagle,USA,Education,9089.4,True,0.9923826934795856,488.0,1.165983606557377,0.22490121448623954,False,True,True,True,False,False
Eagle_education_Cassie,Eagle,USA,Education,3066.9,True,0.4254265691651432,82.0,1.475609756097561,-0.648843328977824,False,False,True,False,False,False
Eagle_food_Jennifer,Eagle,USA,Food sales and service,3307.8,True,0.9414229128580134,63.87,4.741080601221231,-0.0019594917230256652,False,False,True,False,False,False
Eagle_public_Henry,Eagle,USA,Public services,1251.3,True,0.9902498476538696,27.0,2.7037037037037037,-0.6974352111742067,False,True,False,False,False,False
Eagle_education_Lino,Eagle,USA,Education,12911.4,True,0.9868220597196831,186.7419,1.6948094348402791,-0.562508626279805,False,True,True,False,False,False
Eagle_office_Efrain,Eagle,USA,Office,3995.5,True,0.9869744058500914,51.6428,1.7493593685857474,-0.17453759659385262,False,True,True,False,False,False
Eagle_health_Amy,Eagle,USA,Healthcare,5238.6,True,0.9870505789152956,87.12625,1.6388508514942401,0.14168462174838736,False,True,True,True,False,False
Eagle_assembly_Estelle,Eagle,USA,Entertainment/public assembly,1723.4,True,0.9867458866544789,10.0,2.6,0.10063419870670576,False,True,False,True,False,False
Eagle_public_Missy,Eagle,USA,Public services,1908.2,True,0.9840036563071298,30.0947,2.2179803752820266,0.09990076513864982,False,True,False,True,False,False
Eagle_public_Pearle,Eagle,USA,Public services,22990.8,True,0.9419561243144424,414.9975,1.296875041415912,0.055637130463583796,False,False,True,True,False,False
Eagle_office_Demetra,Eagle,USA,Office,9670.2,True,0.9870505789152956,177.0,1.384180790960452,0.09346106627647843,False,True,True,True,False,False
Eagle_office_Jeff,Eagle,USA,Office,1586.5,True,0.9870505789152956,41.0,2.2439024390243905,-0.0501387001966362,False,True,True,False,False,False
Eagle_office_Damian,Eagle,USA,Office,10606.4,True,0.9419561243144424,181.4143,1.4868916066704776,0.09991024915174222,False,False,True,True,False,False
Eagle_office_Elias,Eagle,USA,Office,5003.8,True,0.9419561243144424,85.5857,1.4868909175247735,0.0999300993392619,False,False,True,True,False,False
Eagle_office_Katheleen,Eagle,USA,Office,4202.9,False,0.9462218159658745,100.1372,1.7450738986111038,0.5198962109678048,True,False,True,True,False,False
Eagle_education_Edith,Eagle,USA,Education,7427.5,False,0.9462218159658745,176.9643,1.7450748823350228,0.5199132546107809,True,False,True,True,False,False
Eagle_office_Elia,Eagle,USA,Office,6014.8,False,0.9462218159658745,143.3064,1.7450744418951267,0.5199221891375395,True,False,True,True,False,False
Eagle_lodging_Terri,Eagle,USA,Lodging/residential,7422.9,True,0.9418037781840342,97.3141,2.3613864794515904,-0.6187678204261471,False,False,True,False,False,False
Eagle_office_Amie,Eagle,USA,Office,9581.8,False,0.7447440585009141,447.4142,1.1907970287934535,0.5466861733248135,True,False,True,True,False,False
Eagle_health_Lucinda,Eagle,USA,Healthcare,1161.3,False,0.9914686166971359,574.0,1.1533101045296168,0.556193296231601,True,True,True,True,True,False
Eagle_public_Alvin,Eagle,USA,Public services,7110.5,True,0.961913467397928,103.14445,1.4136048134436698,0.16449494802870732,False,False,True,True,False,False
Eagle_education_Peter,Eagle,USA,Education,41103.8,True,0.9900213284582572,1535.0699,1.2490769651596973,0.14370917876967196,False,True,False,True,False,False
Eagle_health_Reuben,Eagle,USA,Healthcare,12083.6,True,0.9872029250457038,213.0,1.5492957746478873,0.13739931665682983,False,True,True,True,False,False
Eagle_health_Reba,Eagle,USA,Healthcare,19089.0,True,0.9867458866544789,382.02,1.436175069368096,0.33418157173739893,False,True,True,True,False,False
Eagle_education_Teresa,Eagle,USA,Education,5628.2,True,0.995201096892139,101.5654,1.4210913165310235,0.14787717835488837,False,True,True,True,False,False
Eagle_education_Raul,Eagle,USA,Education,15255.2,True,0.9914686166971359,648.7494,1.2073858180061516,-0.08828628574799252,False,True,True,False,False,False
Eagle_education_Sherrill,Eagle,USA,Education,18064.2,True,0.9933729433272395,676.954,1.2435046399016774,0.1298160187411505,False,True,True,True,False,False
Eagle_education_Roman,Eagle,USA,Education,18621.7,True,0.9872029250457038,677.0,1.2186115214180206,-0.03934150312196336,False,True,True,False,False,False
Eagle_office_Chauncey,Eagle,USA,Office,22068.7,True,0.9538391224862889,526.8660500000001,1.376547300779771,0.12769700612299967,False,False,True,True,False,False
Eagle_office_Norbert,Eagle,USA,Office,5406.6,True,0.9486593540524071,84.9945,2.0586178046814796,0.25938361970912316,False,False,True,True,False,False
Eagle_office_Remedios,Eagle,USA,Office,4781.8,True,0.947592931139549,83.21764999999999,1.4995096593090531,0.1451578147512041,False,False,True,True,False,False
Eagle_office_Lamont,Eagle,USA,Office,1453.8,True,0.946983546617916,30.34865,1.660770610883845,0.08013819050125934,False,False,False,True,False,False
Eagle_office_Nereida,Eagle,USA,Office,10746.6,True,0.953382084095064,155.07365,1.5142073782360834,0.2328839323711164,False,False,True,True,False,False
Eagle_office_Mandi,Eagle,USA,Office,820.9,True,0.9472120658135283,16.5468,1.2886358691710784,0.2363731107074149,False,False,False,True,False,False
Eagle_office_Phyllis,Eagle,USA,Office,1994.5,True,0.9472120658135283,40.2041,1.2886372285413679,0.23637794918038071,False,False,True,True,False,False
Eagle_education_Alberto,Eagle,USA,Education,15894.2,True,0.950716026812919,447.5473,1.2806319689561303,0.0389049586949646,False,False,True,True,False,False
Eagle_education_Shana,Eagle,USA,Education,2359.8,True,0.9472120658135283,47.5674,1.2886367554249338,0.2363218320245041,False,False,True,True,False,False
Eagle_health_Margo,Eagle,USA,Healthcare,2379.2,True,0.9448507007921999,55.2386,1.3772157694076241,0.20533269011242597,False,False,True,True,False,False
Eagle_education_Will,Eagle,USA,Education,5782.5,True,0.9941346739792809,111.25,1.2842696629213484,-0.02228382463432704,False,True,True,False,False,False
Eagle_office_Marisela,Eagle,USA,Office,8399.5,True,0.9454600853138331,133.83465,1.6179543040610185,0.1584338527499567,False,False,True,True,False,False
Eagle_health_Gregoria,Eagle,USA,Healthcare,18580.6,True,0.8893967093235832,584.5554999999999,1.2251591166279336,0.03550845749878201,False,False,True,True,False,False
Eagle_office_Amanda,Eagle,USA,Office,8487.9,False,0.994210847044485,293.99105,1.6733995405642452,-0.23116964383125535,True,True,True,False,False,True
Eagle_lodging_Garland,Eagle,USA,Lodging/residential,6700.0,False,0.0,,,,True,False,False,False,False,False
Eagle_lodging_Blake,Eagle,USA,Lodging/residential,3512.0,True,0.9245886654478976,17.9131,2.5267833596641562,0.023186436847351527,False,False,False,True,False,False
Eagle_lodging_Tressa,Eagle,USA,Lodging/residential,5032.7,True,0.9870505789152956,65.0,1.6153846153846154,-0.07353404283526488,False,True,True,False,False,False
Eagle_lodging_Casey,Eagle,USA,Lodging/residential,6132.8,True,0.9860603290676416,77.6743,1.4969298210605049,-0.18186334477640823,False,True,True,False,False,False
Eagle_lodging_Dawn,Eagle,USA,Lodging/residential,5785.9,True,0.9861365021328459,72.97625,1.5215642075332725,-0.13133643410533333,False,True,True,False,False,False
Eagle_lodging_Edgardo,Eagle,USA,Lodging/residential,5392.2,True,0.9870505789152956,48.53,1.7048959406552648,-0.20234549606474905,False,True,True,False,False,False
Eagle_lodging_Trina,Eagle,USA,Lodging/residential,5320.9,True,0.9870505789152956,46.515,1.7054713533268837,-0.059408606938858056,False,True,True,False,False,False
Eagle_lodging_Andy,Eagle,USA,Lodging/residential,6205.4,True,0.9946678854357099,54.82705,1.642831084291422,-0.2170542005295272,False,True,True,False,False,False
Eagle_lodging_Stephanie,Eagle,USA,Lodging/residential,6967.7,True,0.9847653869591713,75.0,1.56,-0.2000848082975287,False,True,True,False,False,False
Eagle_health_Trisha,Eagle,USA,Healthcare,6376.6,False,0.9923065204143815,307.05,1.3875909460999836,-0.2329694445651247,True,True,True,False,False,True
Eagle_office_Joette,Eagle,USA,Office,6414.0,False,0.27925045703839124,256.0,1.546875,0.4181454311438642,True,False,True,True,False,False
Eagle_office_Michele,Eagle,USA,Office,6737.0,False,0.2793266301035954,160.0,1.40625,0.3125093716174351,True,False,True,True,False,False
Eagle_education_Brianne,Eagle,USA,Education,6857.4,False,0.9342626447288239,413.362,1.4301096859411364,0.5440904072825892,True,False,True,True,False,False
Eagle_assembly_Herbert,Eagle,USA,Entertainment/public assembly,7691.3,False,0.9938299817184644,69.48,2.018998272884283,0.2508222053223151,True,True,True,True,True,False
Eagle_assembly_Benny,Eagle,USA,Entertainment/public assembly,4642.8,False,0.9916971358927483,44.2188,2.3376795390196023,-0.02316947349504418,True,True,True,False,False,True
Eagle_assembly_Margret,Eagle,USA,Entertainment/public assembly,16797.4,True,0.968235831809872,435.8125,1.2221425498350782,0.1239073637488502,False,False,True,True,False,False
Eagle_assembly_Josie,Eagle,USA,Entertainment/public assembly,6827.3,True,0.9762340036563071,188.81975,1.7136938005690614,0.2932869513205335,False,True,True,True,False,False
Eagle_assembly_Latrina,Eagle,USA,Entertainment/public assembly,26702.1,True,0.9149908592321755,116.6435,2.317644849477253,0.18013110280175434,False,False,True,True,False,False
Eagle_assembly_Noel,Eagle,USA,Entertainment/public assembly,3972.1,False,0.0,,,,True,False,False,False,False,False
Eagle_assembly_Portia,Eagle,USA,Entertainment/public assembly,3211.2,False,0.9860603290676416,113.0802,2.4147155028024345,0.7247472518537291,True,True,True,True,True,False
Eagle_assembly_Ian,Eagle,USA,Entertainment/public assembly,34376.3,True,0.9876599634369287,401.0,2.6775561097256877,-0.16625700113023678,False,True,True,False,False,False
Eagle_assembly_Lacy,Eagle,USA,Entertainment/public assembly,15467.3,True,0.9519347958561852,121.2139,1.450618089179541,-0.4083951178398249,False,False,True,False,False,False
Eagle_office_Sonya,Eagle,USA,Office,8101.1,True,0.9870505789152956,188.0,1.3297872340425532,0.20403840546958008,False,True,True,True,False,False
Eagle_assembly_Candice,Eagle,USA,Entertainment/public assembly,7867.8,True,0.9855271176112127,13.0,14.315968384615385,0.07663169817539486,False,True,False,True,False,False
Cockatoo_assembly_Ralph,Cockatoo,USA,Entertainment/public assembly,14416.4,False,0.488345521023766,18.2,1.4133241758241755,-0.34392098706650925,True,False,False,False,False,False
Cockatoo_office_Rodney,Cockatoo,USA,Office,4364.7,True,0.8978519195612431,127.4,1.6722880690737825,-0.00012619021127692346,False,False,True,False,False,False
Cockatoo_education_Julio,Cockatoo,USA,Education,9116.1,False,0.8978519195612431,178.725,1.243289970625262,-0.588779460337488,True,False,True,False,False,False
Cockatoo_education_Brigitte,Cockatoo,USA,Education,25998.0,True,0.897775746496039,693.6125,1.3561660869721928,0.08864119660303418,False,False,True,True,False,False
Cockatoo_science_Rex,Cockatoo,USA,Technology/science,5583.5,True,0.8978519195612431,177.95,1.4906855858387185,0.08170692544377212,False,False,True,True,False,False
Cockatoo_education_Orlando,Cockatoo,USA,Education,15887.2,True,0.8978519195612431,215.9,1.6452223251505325,-0.08579346113338246,False,False,True,False,False,False
Cockatoo_education_Laurence,Cockatoo,USA,Education,4403.4,True,0.897775746496039,58.15,3.1257308684436795,-0.1027967073112555,False,False,True,False,False,False
Cockatoo_office_Gail,Cockatoo,USA,Office,2909.4,True,0.8974710542352224,17.925,2.7676150627615077,-0.06334655418376406,False,False,False,False,False,False
Cockatoo_office_Paige,Cockatoo,USA,Office,12151.2,True,0.8978519195612431,105.65,1.5812636062470418,0.0534653736581595,False,False,True,True,False,False
Cockatoo_public_Caleb,Cockatoo,USA,Public services,12710.7,False,0.8978519195612431,183.85,1.598585803644275,0.09679698668989478,True,False,True,True,False,False
Cockatoo_office_Jodie,Cockatoo,USA,Office,2884.9,True,0.8976234003656307,48.35,1.8304912099276112,-0.4301915569416985,False,False,True,False,False,False
Cockatoo_office_Jimmy,Cockatoo,USA,Office,1369.8,True,0.896709323583181,13.925,2.1087612208258495,0.3188272009728499,False,False,False,True,False,False
Cockatoo_education_Jack,Cockatoo,USA,Education,2918.5,False,0.8976995734308348,6.7,2.3992537313432836,0.28429694479068274,True,False,False,True,False,False
Cockatoo_education_Erik,Cockatoo,USA,Education,13051.8,True,0.8976234003656307,156.2625,1.6047292216622673,0.6078312988789111,False,False,True,True,False,False
Cockatoo_industrial_Nathaniel,Cockatoo,USA,Manufacturing/industrial,10360.4,False,0.8978519195612431,68.425,3.242594081110704,-0.12620743467406212,True,False,True,False,False,False
Cockatoo_education_Rita,Cockatoo,USA,Education,1704.0,True,0.897775746496039,9.275,2.946495956873314,0.09957874535481086,False,False,False,True,False,False
Cockatoo_education_Brendan,Cockatoo,USA,Education,10856.1,True,0.8974710542352224,67.55,1.5278275351591417,0.2066188373677981,False,False,True,True,False,False
Cockatoo_office_Laila,Cockatoo,USA,Office,10254.6,True,0.89724253503961,217.025,1.3189978113120606,0.3159530900456647,False,False,True,True,False,False
Cockatoo_education_Lionel,Cockatoo,USA,Education,11660.0,True,0.8880255941499086,322.225,1.3821661882225158,-0.41713444796070887,False,False,True,False,False,False
Cockatoo_education_Latrice,Cockatoo,USA,Education,1940.7,True,0.05103595368677635,2.6375,6.694881516587676,-0.6782235691054777,False,False,False,False,False,False
Cockatoo_education_Melanie,Cockatoo,USA,Education,3240.0,False,0.897775746496039,10.825,6.821016166281747,-0.3819682405525922,True,False,False,False,False,False
Cockatoo_education_Janet,Cockatoo,USA,Education,29946.4,True,0.8976995734308348,976.45,1.3208428490962156,0.5007071411140196,False,False,False,True,False,False
Cockatoo_education_Eunice,Cockatoo,USA,Education,12195.5,True,0.8975472273004266,347.35,1.7069526241543114,0.021728274567494186,False,False,True,True,False,False
Cockatoo_education_Flora,Cockatoo,USA,Education,13913.3,True,0.8973948811700183,875.55,1.1147964136828281,0.46168073915885843,False,False,False,True,False,False
Cockatoo_office_Elbert,Cockatoo,USA,Office,3772.9,True,0.8954905545399147,30.075,1.58973399833749,0.19220185831981348,False,False,False,True,False,False
Cockatoo_office_Alton,Cockatoo,USA,Office,3972.1,True,0.8978519195612431,96.375,1.7043164721141373,-0.1301506189472913,False,False,True,False,False,False
Cockatoo_religion_Diedre,Cockatoo,USA,Religious worship,2062.5,True,0.8978519195612431,5.525,2.506787330316742,0.1697972381147663,False,False,False,True,False,False
Cockatoo_education_Christi,Cockatoo,USA,Education,2158.3,True,0.7400975015234613,4.15,2.950000000000004,-0.23627518261902,False,False,False,False,False,False
Cockatoo_education_Minh,Cockatoo,USA,Education,4697.8,True,0.8967854966483851,43.4,1.5445161290322587,0.3505831930694571,False,False,True,True,False,False
Cockatoo_education_Doreen,Cockatoo,USA,Education,8477.7,True,0.8978519195612431,84.6,1.4421217494089833,0.12600292754300124,False,False,True,True,False,False
Cockatoo_office_Roxanna,Cockatoo,USA,Office,2008.4,True,0.896176112126752,7.45,1.7281879194630871,-0.11540284611634224,False,False,False,False,False,False
Cockatoo_lodging_Katharine,Cockatoo,USA,Lodging/residential,5707.9,True,0.8974710542352224,24.975,1.5739539539539547,-0.44879999394696823,False,False,False,False,False,False
Cockatoo_education_Mayra,Cockatoo,USA,Education,11546.8,True,0.7381170018281535,66.7375,2.057932197040648,-0.18225035679353627,False,False,True,False,False,False
Cockatoo_assembly_Heath,Cockatoo,USA,Entertainment/public assembly,10361.5,False,0.897775746496039,145.725,1.792099845599588,0.28373027130273676,True,False,True,True,False,False
Cockatoo_education_Charity,Cockatoo,USA,Education,21726.6,True,0.8969378427787934,265.025,1.2950004716536179,0.13399941760441894,False,False,True,True,False,False
Cockatoo_education_Jon,Cockatoo,USA,Education,10589.8,True,0.8976234003656307,103.875,2.183193742478941,-0.008642392107146705,False,False,True,False,False,False
Cockatoo_office_Georgia,Cockatoo,USA,Office,14672.4,True,0.897775746496039,239.35,1.4952162105702944,-0.011533581280912909,False,False,True,False,False,False
Cockatoo_utility_Sherri,Cockatoo,USA,Utility,6960.5,False,0.8978519195612431,43.3,2.5855311778290995,0.20379830307775182,True,False,True,True,False,False
Cockatoo_lodging_Homer,Cockatoo,USA,Lodging/residential,12046.2,False,0.8978519195612431,253.95,1.3312935617247488,0.06285342624562998,True,False,True,True,False,False
Cockatoo_office_Pansy,Cockatoo,USA,Office,8173.3,True,0.8974710542352224,44.35,2.346082299887262,0.11622792852841908,False,False,True,True,False,False
Cockatoo_education_Helene,Cockatoo,USA,Education,3130.4,True,0.8964808043875686,119.725,1.3701482564209648,-0.03906851494248773,False,False,True,False,False,False
Cockatoo_assembly_Doyle,Cockatoo,USA,Entertainment/public assembly,18491.1,True,0.8975472273004266,238.9,1.8719757220594397,0.16471725583353208,False,False,True,True,False,False
Cockatoo_assembly_Pierre,Cockatoo,USA,Entertainment/public assembly,4941.9,False,0.8975472273004266,14.45,1.643598615916955,-0.029098302582648915,True,False,False,False,False,False
Cockatoo_education_Maynard,Cockatoo,USA,Education,443.4,True,0.8976234003656307,18.85,2.576498673740053,-0.0026970624056177873,False,False,False,False,False,False
Cockatoo_public_Harland,Cockatoo,USA,Public services,4698.8,False,0.8973948811700183,49.025,1.5390107088220297,0.12335663809775604,True,False,True,True,False,False
Cockatoo_education_Evangeline,Cockatoo,USA,Education,9795.1,True,0.8978519195612431,209.65,1.280109706653947,-0.21854255083942367,False,False,True,False,False,False
Cockatoo_office_Giovanni,Cockatoo,USA,Office,10710.6,True,0.8957190737355272,128.4,1.639427570093458,0.42980858036917413,False,False,True,True,False,False
Cockatoo_public_Leah,Cockatoo,USA,Public services,22299.1,True,0.897775746496039,178.0625,1.3488241488241488,-0.00881828661315208,False,False,True,False,False,False
Cockatoo_education_Nelda,Cockatoo,USA,Education,6930.5,True,0.8970140158439975,125.025,1.3551789642071586,0.10721015871488714,False,False,True,True,False,False
Cockatoo_education_Tyler,Cockatoo,USA,Education,19928.2,False,0.8976995734308348,771.0,1.1510752269779507,0.3031819950018263,True,False,True,True,False,False
Cockatoo_office_Kristin,Cockatoo,USA,Office,4603.6,True,0.8973187081048142,107.55,1.3663412366341237,-0.11387086536452484,False,False,True,False,False,False
Cockatoo_education_Terrence,Cockatoo,USA,Education,18954.9,True,0.8968616697135893,417.4125,1.3799347168568263,-0.05647354150009213,False,False,True,False,False,False
Cockatoo_office_Delores,Cockatoo,USA,Office,7861.0,True,0.8978519195612431,67.225,1.6606247675715873,0.0023410076531139483,False,False,True,True,False,False
Cockatoo_public_Valerie,Cockatoo,USA,Public services,22582.1,True,0.8978519195612431,420.175,1.337443922175284,-0.06968052000661579,False,False,True,False,False,False
Cockatoo_education_June,Cockatoo,USA,Education,9811.7,True,0.8966331505179769,100.6,1.4254473161033798,0.3426017901306094,False,False,True,True,False,False
Cockatoo_education_Clifton,Cockatoo,USA,Education,5292.6,True,0.8909963436928702,1.325,1.2830188679245282,0.05083049698241621,False,False,False,True,False,False
Cockatoo_assembly_Rodger,Cockatoo,USA,Entertainment/public assembly,7621.3,True,0.896709323583181,82.6625,1.888401633146832,0.12766859110971202,False,False,True,True,False,False
Cockatoo_office_Christy,Cockatoo,USA,Office,17376.7,False,0.8974710542352224,186.175,1.4780126225325636,0.24882112331863387,True,False,True,True,False,False
Cockatoo_assembly_Tabitha,Cockatoo,USA,Entertainment/public assembly,1589.0,True,0.8978519195612431,11.45,2.002489082969431,-0.05099153223822749,False,False,False,False,False,False
Cockatoo_assembly_Meredith,Cockatoo,USA,Entertainment/public assembly,8696.5,True,0.8978519195612431,56.05,1.8350936663693127,0.08740333596757245,False,False,True,True,False,False
Cockatoo_assembly_Emilio,Cockatoo,USA,Entertainment/public assembly,6381.8,True,0.8976995734308348,253.25,1.602120434353406,0.05516225387038326,False,False,True,True,False,False
Cockatoo_assembly_Fernanda,Cockatoo,USA,Entertainment/public assembly,7074.8,False,0.8515386959171237,84.475,1.5022195915951466,0.4700430962364307,True,False,True,True,False,False
Cockatoo_assembly_Valencia,Cockatoo,USA,Entertainment/public assembly,14112.0,False,0.8976995734308348,119.775,1.9484700480066788,0.03451424201656262,True,False,True,True,False,False
Cockatoo_assembly_Genoveva,Cockatoo,USA,Entertainment/public assembly,1519.1,True,0.8970140158439975,14.775,2.260998307952623,0.279387430952087,False,False,False,True,False,False
Cockatoo_lodging_Albert,Cockatoo,USA,Lodging/residential,9162.5,True,0.897775746496039,71.375,1.4508406304728545,-0.31774206213000683,False,False,True,False,False,False
Cockatoo_lodging_Kerri,Cockatoo,USA,Lodging/residential,8949.9,True,0.8092626447288239,17.475,1.6380543633762517,-0.026591342774651975,False,False,False,False,False,False
Cockatoo_lodging_Ana,Cockatoo,USA,Lodging/residential,1885.1,True,0.8978519195612431,12.75,1.8081176470588225,-0.5388626323952402,False,False,False,False,False,False
Cockatoo_lodging_Cletus,Cockatoo,USA,Lodging/residential,15497.5,True,0.8971663619744058,84.075,1.4611953612845672,0.137391364722499,False,False,True,True,False,False
Cockatoo_lodging_Aimee,Cockatoo,USA,Lodging/residential,1966.6,True,0.8976995734308348,33.0,1.61360606060606,-0.3722921358239292,False,False,False,False,False,False
Cockatoo_lodging_Emory,Cockatoo,USA,Lodging/residential,15681.2,True,0.8971663619744058,80.875,1.4983709428129828,0.0682956608849579,False,False,True,True,False,False
Cockatoo_lodging_Javier,Cockatoo,USA,Lodging/residential,12411.3,False,0.8978519195612431,92.75,1.52622102425876,0.36108643296911014,True,False,True,True,False,False
Cockatoo_lodging_Josephine,Cockatoo,USA,Lodging/residential,7287.1,False,0.89724253503961,72.925,2.1444017826534107,0.16657800725544614,True,False,True,True,False,False
Cockatoo_lodging_Tessie,Cockatoo,USA,Lodging/residential,15727.5,True,0.8975472273004266,211.025,1.748520317497927,-0.026383885449896324,False,False,True,False,False,False
Cockatoo_lodging_Kyle,Cockatoo,USA,Lodging/residential,13275.9,True,0.8978519195612431,212.675,1.656433525332079,-0.007047963646681395,False,False,True,False,False,False
Cockatoo_lodging_Lynne,Cockatoo,USA,Lodging/residential,12683.3,True,0.8978519195612431,117.7,1.7242650807136781,0.31869855175146455,False,False,True,True,False,False
Cockatoo_lodging_Raphael,Cockatoo,USA,Lodging/residential,7724.0,True,0.8978519195612431,84.4,2.0072334123222744,-0.07109459375628127,False,False,True,False,False,False
Cockatoo_assembly_Griselda,Cockatoo,USA,Entertainment/public assembly,2671.9,True,0.8978519195612431,34.225,1.890533235938641,-0.06681773720467138,False,False,False,False,False,False
Cockatoo_lodging_Lana,Cockatoo,USA,Lodging/residential,4541.2,True,0.8971663619744058,32.7375,1.806972126765941,-0.4262685851059617,False,False,False,False,False,False
Cockatoo_office_Lorraine,Cockatoo,USA,Office,1070.6,True,0.8948811700182815,6.525,2.157088122605364,-0.27111388760993593,False,False,False,False,False,False
Cockatoo_education_Magdalena,Cockatoo,USA,Education,846.4,True,0.8978519195612431,9.625,2.503896103896104,0.419060663907346,False,False,False,True,False,False
Cockatoo_lodging_Alicia,Cockatoo,USA,Lodging/residential,3673.2,True,0.8935862279098111,24.075,1.7248182762201454,0.08073630278892784,False,False,False,True,False,False
Cockatoo_lodging_Jim,Cockatoo,USA,Lodging/residential,6131.5,True,0.8978519195612431,52.825,1.3086985328916227,-0.035091476890978336,False,False,True,False,False,False
Cockatoo_lodging_Jarrod,Cockatoo,USA,Lodging/residential,6100.3,True,0.8962522851919561,79.325,1.2494011976047903,-0.33557062842891056,False,False,True,False,False,False
Cockatoo_lodging_Carmen,Cockatoo,USA,Lodging/residential,3761.8,False,0.8978519195612431,17.875,1.812979020979019,-0.3862006067993829,True,False,False,False,False,False
Cockatoo_lodging_Eric,Cockatoo,USA,Lodging/residential,3830.9,False,0.8978519195612431,19.375,1.8696774193548389,-0.30172266713271545,True,False,False,False,False,False
Cockatoo_lodging_Olga,Cockatoo,USA,Lodging/residential,3758.0,False,0.8978519195612431,61.025,2.2732486685784514,-0.8430898585425673,True,False,True,False,False,False
Cockatoo_lodging_Linwood,Cockatoo,USA,Lodging/residential,3837.1,False,0.8978519195612431,18.0,1.8763888888888889,-0.37010498726275687,True,False,False,False,False,False
Cockatoo_lodging_Johnathan,Cockatoo,USA,Lodging/residential,3774.6,False,0.8978519195612431,9.075,1.5096418732782368,-0.469183934462573,True,False,False,False,False,False
Cockatoo_assembly_Ed,Cockatoo,USA,Entertainment/public assembly,8833.1,False,0.8953382084095064,144.325,2.6292568855014715,0.5748726966736692,True,False,True,True,False,False
Cockatoo_education_Shawn,Cockatoo,USA,Education,4453.2,False,0.8978519195612431,116.95,1.6276784950833687,-0.054604134985651594,True,False,True,False,False,False
Cockatoo_lodging_Judi,Cockatoo,USA,Lodging/residential,1846.5,False,0.8978519195612431,15.3,1.9101307189542485,-0.22301977520800179,True,False,False,False,False,False
Cockatoo_lodging_Mandy,Cockatoo,USA,Lodging/residential,1698.0,False,0.896709323583181,11.9,1.5615336134453761,0.0948610152838179,True,False,False,True,False,False
Cockatoo_lodging_Tesha,Cockatoo,USA,Lodging/residential,2239.2,False,0.8957952468007313,19.775,1.9848293299620734,0.31086315391971747,True,False,False,True,False,False
Cockatoo_utility_Kimiko,Cockatoo,USA,Utility,378.2,False,0.7765843997562462,85.725,2.329559638378536,0.07466683952605023,True,False,True,True,False,False
Cockatoo_assembly_Britt,Cockatoo,USA,Entertainment/public assembly,1435.4,False,0.033287629494210845,44.575,2.0752664049355016,,True,False,True,False,False,False
Cockatoo_education_Oliver,Cockatoo,USA,Education,16780.6,False,0.8978519195612431,160.6,1.5412515566625156,0.38698446780516227,True,False,True,True,False,False
Cockatoo_education_Amira,Cockatoo,USA,Education,2641.4,False,0.8851310176721511,39.2,2.5371428571428556,0.4239103278465235,True,False,False,True,False,False
Cockatoo_education_Julia,Cockatoo,USA,Education,3758.9,False,0.8959475929311396,30.3,1.8183003300330025,-0.06510521958938431,True,False,False,False,False,False
Cockatoo_office_Ada,Cockatoo,USA,Office,4952.0,False,0.7173217550274223,434.875,1.2011405576315033,0.19310002182327538,True,False,True,True,False,False
Cockatoo_public_Shad,Cockatoo,USA,Public services,10345.7,False,0.8976234003656307,133.125,1.6345539906103286,0.07425504980868211,True,False,True,True,False,False
Cockatoo_education_Sheryl,Cockatoo,USA,Education,14927.0,False,0.8978519195612431,459.65,1.3007255520504732,0.22921756707037902,True,False,True,True,False,False
Cockatoo_education_Claudine,Cockatoo,USA,Education,2609.1,False,0.8976234003656307,39.125,1.357188498402556,-0.59324157846587,True,False,False,False,False,False
Cockatoo_education_Deloris,Cockatoo,USA,Education,3079.5,False,0.8926721511273613,75.075,1.3323343323343324,-0.13296081791464007,True,False,True,False,False,False
Cockatoo_education_Joel,Cockatoo,USA,Education,887.4,False,0.8978519195612431,6.05,1.6322314049586777,0.5198744239410333,True,False,False,True,False,False
Cockatoo_industrial_Sarita,Cockatoo,USA,Manufacturing/industrial,1050.0,False,0.8978519195612431,13.825,1.7235804701627475,0.25756790425449605,True,False,False,True,False,False
Cockatoo_education_Joeann,Cockatoo,USA,Education,10360.4,False,0.8978519195612431,355.95,2.0606222784098893,0.0071012006523221635,True,False,True,True,False,False
Cockatoo_education_Marva,Cockatoo,USA,Education,10123.7,False,0.8978519195612431,131.225,2.348172985330539,0.12095441154177496,True,False,True,True,False,False
Cockatoo_education_Collin,Cockatoo,USA,Education,5248.7,False,0.8974710542352224,183.1125,1.5763724486313062,-0.06537767479114036,True,False,True,False,False,False
Cockatoo_lodging_Elvia,Cockatoo,USA,Lodging/residential,13962.8,False,0.8975472273004266,270.85,1.3491951264537567,0.06334005733838866,True,False,True,True,False,False
Cockatoo_education_Gussie,Cockatoo,USA,Education,2800.4,False,0.8973187081048142,290.325,1.3282390424524237,0.10886900154792063,True,False,True,True,False,False
Cockatoo_public_Chiquita,Cockatoo,USA,Public services,9247.7,False,0.8978519195612431,82.4,1.6954733009708733,0.24259374859166216,True,False,True,True,False,False
Cockatoo_education_Arlen,Cockatoo,USA,Education,3745.0,False,0.8978519195612431,89.925,1.3803558520989714,0.04911927040820302,True,False,True,True,False,False
Cockatoo_assembly_Evelyn,Cockatoo,USA,Entertainment/public assembly,1822.7,False,0.8950335161486899,6.55,3.583969465648855,-0.2452735809496847,True,False,False,False,False,False
Cockatoo_education_Victoria,Cockatoo,USA,Education,399.3,False,0.8957190737355272,4.925,1.6903553299492384,-0.31697255938411156,True,False,False,False,False,False
Cockatoo_assembly_Mimi,Cockatoo,USA,Entertainment/public assembly,1046.6,False,0.44424131627056673,9.625,1.2935064935064935,-0.039366906748439755,True,False,False,False,False,False
Cockatoo_lodging_Jimmie,Cockatoo,USA,Lodging/residential,2766.2,False,0.897775746496039,183.55,1.317917461182239,-0.07700683812768593,True,False,True,False,False,False
Cockatoo_office_Margaret,Cockatoo,USA,Office,8572.3,False,0.8964046313223644,3.225,1.6589147286821704,-0.23520340833430653,True,False,False,False,False,False
Mouse_health_Modesto,Mouse,UK,Healthcare,17993.0,False,0.999466788543571,495.588,2.280696869173587,0.08002986539692619,True,True,True,True,True,False
Mouse_health_Justin,Mouse,UK,Healthcare,17735.0,False,0.9990097501523462,732.745,1.6809822516700899,0.6822485041849093,True,True,True,True,True,False
Mouse_health_Estela,Mouse,UK,Healthcare,17193.0,False,1.0,354.0,1.6800282485875695,0.23362653123806637,True,True,True,True,True,False
Mouse_health_Ileana,Mouse,UK,Healthcare,5399.0,False,0.9875837903717246,37.0,3.027027027027027,0.02931340999986118,True,True,False,True,False,False
Mouse_health_Buddy,Mouse,UK,Healthcare,1749.0,False,0.46206581352833637,17.6449,1.0,0.01898230595806359,True,False,False,True,False,False
Mouse_lodging_Vicente,Mouse,UK,Lodging/residential,3489.0,False,1.0,40.9238,1.9548526774150983,0.3823074325202503,True,True,True,True,True,False
Mouse_science_Micheal,Mouse,UK,Technology/science,5931.0,False,0.552407068860451,336.4486,2.9722222057098766,-0.09393639582376881,True,False,True,False,False,False
